brand,product,price,description,how_to_use,ingredients
Estée Lauder,Revitalizing Supreme+ Night Intensive Restorative Crème,$88.00,Wake up looking radiant. morning after morning. Estée Lauder's rich. ultra-nourishing multi-action creme. Revitalizing Supreme+ Night Intensive Restorative Crème. is specially concentrated for night. It leaves skin feeling firmer and significantly reduces the look of lines while you sleep.,"Apply PM, all over face and neck. Ideal after your repair serum.","Water\Aqua\Eau, Glycine Soja (Soybean) Oil, Caprylic/Capric/Myristic/Stearic Triglyceride, Glycerin, Prunus Amygdalus Dulcis (Sweet Almond) Oil, Dimethicone, Stearyl Alcohol, Butylene Glycol, Steareth-2, Cocos Nucifera (Coconut) Oil, Vitis Vinifera (Grape) Seed Oil, Glyceryl Stearate, Niacinamide, Propanediol, Steareth-21, Moringa Oleifera Seed Extract, Limonium Vulgare Flower/Leaf/Stem Extract, Sodium Hyaluronate, Acetyl Hexapeptide-8, Laminaria Digitata Extract, Whey Protein\Lactis Protein\Proteine Du Petit-Lait, Acetyl Glucosamine, Opuntia Tuna Extract, Tocopheryl Acetate, Citrullus Lanatus (Watermelon) Fruit Extract, Persea Gratissima (Avocado) Oil, Mangifera Indica (Mango) Seed Oil, Aminopropyl Ascorbyl Phosphate, Algae Extract, Caffeine, Cucumis Sativus (Cucumber) Fruit Extract, Pyrus Malus (Apple) Fruit Extract, Narcissus Tazetta Bulb Extract, Sigesbeckia Orientalis (St. Paul'S Wort) Extract, Butyrospermum Parkii (Shea Butter), Lens Esculenta (Lentil) Fruit Extract, Silybum Marianum Seed Oil, Limnanthes Alba (Meadowfoam) Seed Oil, Hordeum Vulgare (Barley) Extract\Extrait D'Orge, Simmondsia Chinensis (Jojoba) Seed Oil, Macadamia Integrifolia Seed Oil, Olea Europaea (Olive) Fruit Oil, Dextrin Palmitate, Sodium Hydroxide, Carbomer, Behenyl Alcohol, Caprylyl Glycol, Hydroxyethyl Urea, Propylene Glycol Dicaprate, Cholesterol, Isoceteth-20, Lactoperoxidase, Helianthus Annuus (Sunflower) Seedcake, Sodium Polyaspartate, Sorbitol, Glucose, Cetyl Alcohol, Myristyl Alcohol, Sodium Lactate, Citric Acid, Sodium Pca, Glucose Oxidase, Potassium Phosphate, Sodium Chloride, Fragrance (Parfum), Disodium EDTA, BHTA, Potassium Sorbate, Sodium Benzoate, Phenoxyethanol, Yellow 5 (CI 19140), Red 4 (CI 14700), Iron Oxides (CI 77491), Iron Oxides (CI 77492)."
Exuviance,Probiotic Lysate Anti-Pollution Essence,$49.00,Exuviance Probiotic Lysate Anti-Pollution Essence is powered by a 10% concentration of probiotic lysate. from the bacteria found naturally in yogurt. to target the skin's microbiome and help re-balance and optimize skin health.,"After cleansing the face, pour approximately 5 to 6 drops of the essence into your palm. Using fingertips, gently press the essence into the skin. Follow with your usual Exuviance serum and moisturizer.","Aqua/Water/Eau, Lactobacillus Ferment Lysate, Gluconolactone, Butylene Glycol, PEG-60 Hydrogenated Castor Oil, Glycerin, Biosaccharide Gum-1, Sodium Hydroxide, Sodium Hyaluronate, Leuconostoc/Radish Root Ferment Filtrate, Hydroxyethylcelluse, Caprylyl Glycol, Sodium Sulfite, Phenoxyethanol, Chlorphenesin, Parum (Fragrance)."
Peter Thomas Roth,Water Drench Hyaluronic Cloud Cream,$52.00,Drench your skin with a liquid cloud of pure. endless hydration drawn right from the atmosphere. This concentrated 30% hyaluronic acid cream transforms atmospheric vapor into fresh. pure water from the clouds. providing your skin with a continuous burst of intense hydration that lasts up to 72 hours. Three molecular sizes of hyaluronic acid. a potent hydrator that attracts and retains up to 1.000 times its weight in water from moisture in the atmosphere. helps replenish skin to make it appear more supple. full and smooth.,"For best results, apply twice daily to face and neck and with continued use. For external use only.","Water/Aqua/Eau, Glycerin, Dipropylene Glycol, Dimethicone, Cyclopentasiloxane, Cyclohexasiloxane, Yeast Extract, Sodium Hyaluronate, Ceramide EOP, Ceramide EOS, Ceramide AP, Ceramide NP, Ceramide NS, Sambucus Nigra Fruit Extract, Hydrolyzed Silk, Sodium PCA, Tocopherol, Ascorbyl Palmitate, Caprooyl Phytosphingosine, Caprooyl Sphingosine, Saccharide Isomerate, Saccharomyces/Magnesium Ferment, Saccharomyces/Iron Ferment, Saccharomyces/Copper Ferment, Saccharomyces/Silicon Ferment, Saccharomyces/Zinc Ferment, Olea Europaea (Olive) Leaf Extract, Methyl Gluceth-20, Ethylhexylglycerin, Lauryl PEG-9 Polydimethylsiloxyethyl Dimethicone, Cholesterol, Sodium Chloride, Sodium Citrate, Citric Acid, Behenic Acid, Propylene Glycol, Ceteareth-25, Butylene Glycol, Dimethicone/PEG-10/15 Crosspolymer, Cetyl Alcohol, Disodium EDTA, Sodium Benzoate, Potassium Sorbate, Phenoxyethanol, Mica."
Clinique,Exfoliating Scrub,$23.00,Clinique's Exfoliating Scrub de-flakes. refines. softens tiny lines. Skin-clearing. water-based scrub for strong. oily skins. Leaves skin refreshed.,"Use once a day, in the morning. Massage gently over wet skin, avoiding eye area. Do not apply to active breakout. Rinse thoroughly; pat skin dry. Follow with your customized 3-Step Skin Care System. Tip: Avoid eye area and lips.","Water / Aqua / Eau, Glyceryl Stearate, Polyethylene, Hexylene Glycol, Disodium Cocoamphodiacetate, Disodium Oleamido Mipa-Sulfosuccinate, Magnesium Aluminum Silicate, Salicylic Acid, Menthol, Stearamidoethyl Diethylamine, Oleamide Mipa, Trisodium Sulfosuccinate, Sodium Sulfate, Phenoxyethanol, Methylisothiazolinone, Titanium Dioxide (CI 77891)."
Mario Badescu,Botanical Exfoliating Scrub,$26.00,Banish dullness and reveal a smoother. more radiant complexion with Mario Badescu's refreshing. deep-cleansing Botanical Exfoliating Scrub. This scrub is formulated to refine and perfect your complexion with a unique combination of finely ground Ecuadorian ivory palm seeds and nourishing botanicals. including ginger. ginkgo. green tea. aloe. and coconut. This gentle. gel-based formula sloughs off the dulling dead skin cells that can lead to breakouts or cause skin to look lifeless and aged. helping you to achieve clearer. younger-looking. more radiant skin.,"Use light pressure to apply scrub on the skin (avoiding the eye area). Massage all areas of the face using upward, circular motions for 30 seconds, then rinse with warm water. For best results, exfoliate 1-3 times a week. If product gets into eyes, rinse well with water.","Aqua (Water, Eau), Phytelephas Aequatorialis Seed Powder, Propylene Glycol, Carbomer, Sodium Laureth Sulfate, Triethanolamine, Camellia Sinensis Leaf Extract, Cocos Nucifera (Coconut) Fruit Extract, Ginkgo Biloba Leaf Extract, Zingiber Officinale (Ginger) Root Extract, Aloe Barbadensis Leaf Juice, Caprylyl Glycol, Hexylene Glycol, Phenoxyethanol, Parfum (Fragrance)."
Proactiv,Skin Smoothing Exfoliator,$48.00,Proactiv+'s creamy. cushiony cleanser is formulated with prescription-strength micro-crystal benzoyl peroxide to clear up acne blemishes and help prevent new ones from forming. It also contains tiny exfoliating beads and glycolic acid. which help to gently resurface the skin to reveal a smoother. softer-looking complexion.,"Step 1 in the Proactiv+ 3-part system. Use twice daily, morning and night. Treat your whole face. Apply a small amount to dampened skin and gently massage with fingertips for 1 to 2 minutes. Rinse thoroughly with warm water. Pat dry and follow with Step 2, the Pore Targeting Treatment and Step 3, the Complexion Perfecting Hydrator. If going outside, use a sunscreen.","Active: Benzoyl Peroxide 2.5%. Inactive: Water, Sodium Cocoyl Isethionate, Glycerin, Paraffin, Lauryl/Myristyl Benzoate, Coconut Acid, Tocopherol, Linoleic Acid, Linolenic Acid, Butylene Glycol, Dimethicone, Ethylhexylglycerin, Acrylates/C10-30 Alkyl Acrylate Crosspolymer, Glycolic Acid, Sodium Isethionate, Sodium Hydroxide, Phenoxyethanol, Fragrance."
Kiehl's Since 1851,Ultra Facial Cream,$18.00,With 24-hour hydration. Kiehl's Ultra Facial Cream immediately leaves skin 2.3X more hydrated. even in skin's driest areas. Formulated with Glacial Glycoprotein. derived from sea glaciers. and olive-derived Squalane. this beloved moisturizer helps strengthen skin's barrier and leaves skin feeling comfortable and well-balanced. With an ultra-lightweight texture. this facial cream absorbs easily for softer. smoother. healthier-looking skin. Gentle and effective. Kiehl's #1 best-seller worldwide is ultra clean (now without parabens. carbamide and TEA) and is ultra tested (now clinically tested in extreme and everyday conditions) for epic 24-hour hydration.,Apply on clean skin to combat moisture depletion,"Aqua/Water, Glycerin, Cyclohexasiloxane, Squalane, Bis-PEG-18 Methyl Ether Dimethyl Silane, Sucrose Stearate, Stearyl Alcohol, PEG-8 Stearate, Myristyl Myristate, Pentaerythrityl Tetraethlhexanoate, Prunus Armeniaca Kernal Oil/Apricot Kernal Oil, Phenoxyethanol, Persea Gratissima Oil/Avocado Oil, Glyceryl Stearate, Cetl Alcohol, Oryza Sativa Bran Oil/Rice Bran Oil, Olea Europaea Fruit Oil/Olive Fruit Oil, Chlorphenesin, Stearic Acid, Palmitic Acid, Disodium EDTA, Acrylates/C10-30 Alkyl Acrylate Crosspolymer, Carbomer, Prunus Amygdalus Dulcis Oil/Sweet Almond Oil, Xanthan Gum, Ethylhexylglycerin, Sodium Hydroxide, Tocopherol, Glycine Soja Oil/Soybean Oil, Pseudoalteromonas Ferment Extract, Myristic acid, Hydroxypalmitol Sphinganine, BHT, Salicylic Acid, Citric Acid."
Dr. Brandt,Microdermabrasion Skin Exfoliant,$79.00,Dr. Brandt Microdermabrasion Skin Exfoliant is a revolutionary formula designed to mimic the transformative brightening. smoothing effects of the popular in-office microdermabrasion treatment at home.,"Dampen skin with warm water. Slowly and gently massage cream onto skin for 1-2 minutes avoiding the eye area. Rinse well, pat dry. Best if used 1-2 times per week allowing 3 days between applications. ","Water (Aqua), Alumina, Caprylic/Capric Triglyceride, Glycerin, Cetyl Alcohol, Glyceryl Stearate, Peg-12 Glyceryl Distearate, Peg-100 Stearate, Ammonium Acryloyldimethyltaurate/Vp Copolymer, Simmondsia Chinensis (Jojoba) Seed Oil, Xanthan Gum, Lactic Acid, Fragrance (Parfum), Menthone Glycerin Acetal, Allantoin, Magnesium Chloride, Magnesium Nitrate, Tocopheryl Acetate, Magnesium Oxide, Butylene Glycol, Aloe Barbadensis Leaf Extract, Vitis Vinifera (Grape) Seed Extract, Chamomilla Recutita (Matricaria) Flower Extract, Camellia Oleifera Leaf Extract, Camellia Sinensis Leaf Extract, Methylchloroisothiazolinone, Methylisothiazolinone, Phenoxyethanol, Methylparaben, Butylparaben, Propylparaben, Isobutylparaben, Citral, Limonene."
Fountain of Truth,Take It Off Cleansing Balm,$36.00,Only at ULTA!,"Gently massage onto dry skin and let balm melt into skin. Wet muslin cloth in warm water and work cloth in small circular movements, finish with a rinse of cool water.","Glycerin, Helianthus Annuus (Sunflower) Seed Oil (1), Cocos Nucifera (Coconut) Oil (1), Helianthus Annuus (Sunflower) Seed Wax (1), Sucrose Stearate, Argania Spinosa Kernel Oil (1), Citrus Aurantifolia (Lime) Oil, Citrus Aurantium Bergamia (Bergamot) FruitOil, Citrus Aurantium Dulcis (Orange) Peel Oil, Citrus Limon (Lemon) Peel Oil, Copernicia Cerifera (Carnauba) Wax, Eugenia Caryophyllus (Clove) Leaf Oil, Rosmarinus Officinalis (Rosemary) Leaf Oil, Salvia Sclarea (Clary) Oil, Vitis Vinifera (Grape) Seed Oil (1), Citrus Aurantium Dulcis (Orange) Fruit Extract, Citrus Limon (Lemon) Fruit Extract, Curcuma Longa (Turmeric) Root Powder (1), Leuconostoc/Radish Root Ferment Filtrate, Saccharomyces/Copper Ferment, Saccharomyces/Iron Ferment, Saccharomyces/Magnesium Ferment, Saccharomyces/Silicon Ferment, Saccharomyces/Zinc Ferment, Undaria Pinnatifida Cell Culture Extract, Tocopheryl Acetate, Aqua (Water), Caprylic/Capric Triglyceride, Limonene, Linalool; (1)Certified Organic Ingredient."
CANNUKA,CBD Nourishing Body Cream,$28.00,Delightfully smooth. Cannuka's CBD Nourishing Body Cream provides immediate relief and hydrates skin for hours. Gentle enough to use every day for supple. well-nourished skin. the Nourishing Body Cream soothes sunburns in the summer and moisturizes dryness in the winter.,"Apply the nourishing formula daily to moisturize skin. Rich in anti-inflammatory CBD Isolate and Manuka honey, the CBD Nourishing Body Cream will leave skin feeling soft and smooth.","Distilled Water, Bees Wax, Glycerin, Stearic Acid, Emulsifying Wax, Lecithin, Polyglyceryl Oleate, Aloe Vera, Vitamin E, Myristic Acid, Grapeseed Oil, Rose Hip Oil, Hemp Seed Oil, CBD Isolate (100mg), Manuka Honey (Active 16+), Hyaluronic Acid, Potassium Sorbate, Xanthan Gum, Grapefruit Extract."
The Ordinary,Niacinamide 10% + Zinc 1%,$5.90,The Ordinary's Niacinamide 10% + Zinc 1% is a high-strength vitamin and mineral blemish formula with 10% pure niacinamide and 1% zinc PCA. Niacinamide (Vitamin B3) is indicated to reduce the appearance of skin blemishes and congestion. A high 10% concentration of this vitamin is supported in the formula by zinc salt of pyrrolidone carboxylic acid to balance visible aspects of sebum activity.,"Apply to entire face morning and evening before heavier creams. If topical Vitamin C is used as part of skincare, it should be applied at alternate times with this formula (ideally Vitamin C in the PM and this formula in the AM). Otherwise, Niacinamide can affect the integrity of pure-form Vitamin C (L-Ascorbic Acid).","Aqua (Water), Niacinamide, Pentylene Glycol, Zinc PCA, Tamarindus Indica Seed Gum, Xanthan Gum, Isoceteth-20, Ethoxydiglycol, Phenoxyethanol, Chlorphenesin."
Differin,Online Only Acne Treatment Gel,$28.99,Differin Acne Treatment Gel is different! Differin is the first and only FDA-approved full prescription strength retinoid. This acne treatment is now available without a prescription. Differin Gel is dermatologist developed and tested. Differin treats the redness and inflammation associated with acne and helps prevent pimples. blackheads. and clogged pores before they occur. In order to get the best results. spread a thin layer over your face. once a day. every day.,"Adults and children 12 years of age and older: Use once daily. Clean the skin gently and pat dry before applying the product. Cover the entire affected area with a thin layer. For example, if your acne is on the face, apply the product to the entire face. Do not use more than one time a day.","Active: Adapalene 0.1% (retinoid). Inactive: Carbomer 940, Edetate Disodium, Methylparaben, Poloxamer 182, Propylene Glycol, Purified Water, Sodium Hydroxide."
Kiehl's Since 1851,Rare Earth Deep Pore Cleansing Masque,$35.00,Formulated with ingredients from the mouth of the Amazonian River. Kiehl's Rare Earth Deep Pore Cleansing Masque effectively absorbs oil while drawing out toxins and dirt that can clog pores. In addition to Amazonian White Clay. this formula is infused with Oatmeal and Aloe Vera.,"After cleansing, apply a thin layer to damp skin, avoiding the immediate eye area","Aqua/Water, Kaolin, Bentonite, Propanediol, Glycerin, Ci 77891/Titanium Dioxide, Caprylic/Capric Triglyceride, Cetearyl Alcohol, Zea Mays Starch/Corn Starch, Phenoxyethanol, Ceteareth-20, Caprylyl Glycol, Xanthan Gum, Ethylhexylglycerin, Tocopherol, Lecithin, Aloe Barbadensis/Aloe Barbadensis Leaf Juice, Avena Sativa Flour/Oat Kernel Flour, Allantoin."
Tula,Exfoliating Treatment Mask,$48.00,Tula's Exfoliating Treatment Mask is a detoxifying bentonite clay mask that provides gentle exfoliation without stripping the skin of essential oils. making way for antioxidant-rich blueberry extract to hydrate and improve skin tone. Contains Tula's signature probiotics to leave skin appearing nourished and balanced. Suitable for all skin types and all ages - excellent for anyone seeking firmer looking skin with more even tone.,"2-3 times a week, after cleansing, apply a generous amount to dry skin. Leave on for 5-10 minutes, then remove using warm water and washcloth.","Aqua/Water/Eau, Glycerin, Bentonite, Hydrogenated Soybean Oil, Kaolin, Octyldodecyl Neopentanoate, Sorbitan Stearate, Butyrospermum Parkii (Shea) Butter, Olea Europaea (Olive) Fruit Oil, Carthamus Tinctorius (Safflower) Seed Oil, Lactose, Milk Protein, Bifida Ferment Lysate, Yogurt Extract, Hydrolyzed Rice Protein, Cichorium Intybus (Chicory) Root Extract, Vaccinium Angustifolium (Blueberry) Fruit Extract, Olus/Vegetable Oil/Huile Végétale, Camelina Sativa Seed Oil, Camellia Sinensis Leaf Extract, Curcuma Longa (Turmeric) Root Extract, Tocopheryl Acetate, Retinyl Palmitate, Ascorbyl Palmitate, Lactic Acid, Microcrystalline Cellulose, Butylene Glycol, Volcanic Sand, Xanthan Gum, Decylene Glycol, Caprylyl Glycol, Pentylene Glycol, Ethylhexylglycerin, Octyldodecanol, Bulnesia Sarmientoi Wood Oil, Cananga Odorata Flower Oil, Citrus Aurantium Dulcis (Orange) Oil, Citrus Limon (Lemon) Fruit Oil, Juniperus Mexicana Oil, Parfum/Fragrance, Citric Acid, Sorbic Acid, 1,2-Hexanediol, Phenoxyethanol, Disodium EDTA, CI 77891 (Titanium Dioxide), CI 77007 (Ultramarines), CI 77289 (Chromium Hydroxide Green)."
First Aid Beauty,Skin Rescue Acne Clearing Charcoal Cleanser With Probiotics,$24.00,First Aid Beauty Skin Rescue Acne Clearing Charcoal Cleanser With Probiotics is powerful acne cleanser works to eliminate current and future acne breakouts. In addition to 2% salicylic acid. the cleanser contains active charcoal. a powerful absorbing agent that helps draw toxins out from below the skin's surface. Bentonite and kaolin clays help absorb impurities. detoxify and purify the skin. Vitamin E helps strengthen the skin and calm inflammation while yogurt extract may help boost skin's natural defenses against acne-causing bacteria. This alcohol-free cleanser leaves the complexion appearing clearer without stripping or drying out skin.,"For daily use. Gently massage a thin layer over damp skin in the AM & PM, avoiding the eye area. Rinse thoroughly with warm water. Gently pat dry. If bothersome dryness or peeling occurs, reduce application to once a day or every other day.","Active: Salicylic Acid 2.00%. Inactive: Aqua (Water, Eau), Disodium Laureth Sulfosuccinate, Bentonite, Cocamidopropyl Betaine, Sodium Cocoyl Isethionate, Glycerin, Kaolin, Charcoal Powder, Chrysanthemum Parthenium Extract, Camellia Sinensis Leaf Extract, Glycyrrhiza Glabra Root Extract, Vanilla Planifolia Fruit Extract, Yogurt Extract, Mel (Honey, Miel), Caprylyl Glycol, Tocopheryl Acetate, Xanthan Gum, Sodium Chloride, Quartz, Leuconostoc/Radish Root Ferment Filtrate, Tetrasodium EDTA, EDTA, Phenoxyethanol."
boscia,Mermaid Fire and Ice Cryosea Peel-off Mask,$39.00,Only at ULTA!,"Apply an opaque, even layer to clean, dry skin. Avoid eye area by applying below orbital bone. Do not apply to eyebrows, hairline or lips. Leave on for 20 minutes or until completely dry. Gently peel off mask from outer edges. Rinse off any residue with warm water.","Water/Aqua/Eau, Polyvinyl Alcohol, Glycerin, Glycereth-26, Magnesium Aluminum Silicate, Chondrus Crispus Extract, Laminaria Digitata (Sea Kelp) Extract, Sea Water Extract, Hyaluronic Acid, Menthol, Copper Chlorophyll, Acetyl Cysteine, Acetyl Hexapeptide-8, Simmondsia Chinensis (Jojoba) Leaf Extract, Epilobium Angustifolium Flower/Leaf/Stem Extract, Sea Salt, Silica, Caprylyl Glycol, Ethylhexylglycerin, Disodium EDTA, Mica, Iron Oxides (77499, 77491), Titanium Dioxide (CI 77891), Tin Oxide, Ferric Ferrocyanide (CI 77510), Synthetic Flueorphlogopite, Chromium Oxide Greens (77288)"
The Body Shop,Tea Tree Face Mask,$17.00,The Body Shop difference: Tea Tree Face Mask will leave skin feeling deeply cleansed and refreshed with an instantly cooling mask that helps remove impurities and absorb excess oil while soothing and calming blemish-prone skin. Community Fair Trade tea tree oil. lemon tea tree. and tamanu oil work together to keep skin clear by helping to prevent blemishes and blackheads. and controlling excess oil. Menthol creates a cool fresh tingle that leaves skin feeling calm and refreshed.,"Smooth a thin layer onto pat-dried skin, clean face and neck with your fingertips. Leave for 5 to 10 minutes (mask will not dry). Then rinse off with clean water and pat skin dry. Use once or twice per week, after cleansing.","Water, Kaolin, Cetearyl Alcohol, Glycerin, Myristyl Myristate, Glyceryl Stearate, PEG-100 Stearate, Ethylhexyl Palmitate, Propanediol, Alcohol Denat., Caprylyl Glycol, Cyclopentasiloxane, Calophyllum Inophyllum Seed Oil, Melaleuca Alternifolia (Tea Tree) Leaf Oil, Cyclohexasiloxane, Xanthan Gum, Disodium EDTA, Menthol, Limonene, Leptospermum Petersonii (Lemon Tea Tree) Oil, t-Butyl Alcohol, Denatonium Benzoate, Tocopherol, Chromium Hydroxide Green, Iron Oxides."
Dermalogica,Sebum Clearing Mask,$49.00,Dermalogica's Sebum Clearing Mask has oil-absorbing clay that helps detoxify skin as Salicylic Acid clears pore congestion. Calming botanicals such as Oat and Bisabolol help soothe aggravation brought on by breakouts. Safflower Oil helps counter fine dehydration lines while Licorice and Niacinamide help even skin tone.,"Apply a smooth layer to cleansed face and neck (avoiding the eye area) three times per week. May also be used exclusively on the T-zone. Leave on for 10 minutes, then rinse thoroughly with warm water.","Triclosan (0.2%), Water (Aqua), Kaolin, Bentonite, Glycerin, Polysorbate 20, Carthamus Tinctorius (Safflower) Seed Oil, Cetearyl Alcohol, Butylene Glycol, Polysorbate 60, Salicylic Acid, Tocopheryl Acetate, Spiraea Ulmaria Extract, Avena Sativa (Oat) Kernel Extract, Yeast Extract, Aesculus Hippocastanum (Horse Chestnut) Seed Extract, Cinnamomum Zeylanicum Bark Extract, Bisabolol, Lauryl Laurate, Ethyl Menthane Carboxamide, Methyl Diisopropyl Propionamide, Methyl Lactate, Farnesyl Acetate, Panthenyl Triacetate, Niacinamide, Ammonium Glycyrrhizate, Panthenol, Propylene Glycol, Zinc Gluconate, Caffeine, Biotin, Capryloyl Glycine, Sarcosine, Dipotassium Glycyrrhizate, Camphor, Hydroxyethyl Behenamidopropyl Dimonium Chloride, Glyceryl Stearate SE, Hydroxyethylcellulose, 1, 2 Hexanediol, Caprylyl Glycol, Tropolone, Disodium EDTA, Chlorphenesin, Menthol, Phenoxyethanol, Titanium Dioxide (CI 77891), Zinc Oxide."
Mario Badescu,Super Collagen Mask,$18.00,This is a classic Collagen and clay mask beloved by the aestheticians in the Mario Badescu New York City salon and spa. Designed for dry. dull skin in need of a lift. this formula works to reduce the appearance of dry fine lines and gently lift impurities from pores¿giving the complexion a smooth. youthful appearance.,"Apply a thin layer of mask on clean skin, avoiding the eye area. Wait 20 minutes and rinse thoroughly with warm water. Use 2-3 times a week for best results. If product gets into eyes, rinse well with water.","Aqua (Water, Eau), Kaolin, Talc, Propylene Glycol, Avena Sativa (Oat) Kernel Flour, Sorbitol, Zinc Oxide, Triticum Vulgare (Wheat) Starch, Collagen, Cellulose Gum, Carrageenan, Sodium Chloride, Parfum (Fragrance), Methylparaben, Phenoxyethanol, CI 42090 (Blue 1), CI 19140 (Yellow 5)"
Andalou Naturals,Online Only Pumpkin Honey Glycolic Mask,$14.99,The Andalou Naturals Pumpkin Honey Glycolic Mask contains vitamin C. pumpkin puree. manuka honey. and glycolic acid.,"Apply evenly to clean, dry skin. Avoid eye and lip areas. Leave on for 10 minutes. Rinse clean with cool water. Use 1-3 times per week, as needed.","Cucurbita Pepo (Pumpkin) Puree*, Aloe Barbadensis Juice*, Helianthus Annuus (Sunflower) Oil*, Vegetable Glycerin, Manuka Honey, Ananas Sativus (Pineapple) Juice*, Pectin, Glycolic Acid, Sodium Hyaluronate, Cyamopsis Tetragonolobus (Guar) Gum*, Fruit Stem Cells (Malus Domestsica, Solar Vitis) and BioActive 8 Berry Complex*, Lecithin, Saccharum Officinarum (Sugar Cane) Extract*, Calophyllum Tacamahaca (Tamanu) and Limnanthes Alba (Meadowfoam) Oils, Magnesium Ascorbyl Phosphate (Vitamin C), Tocopherol (Vitamin E), Aspalathus Linearis (Rooibos) Extract*^, Phenethyl Alcohol, Ethylhexylglycerin, Cinnamomum Cassia (Cinnamon), Myristica Fragrans (Nutmeg) and Eugenia Caryophyllus (Clove) Powders*."
The Better Skin Co.,Better Skin Lava Magik,$32.00,The Better Skin Co.. Better Skin Lava Magik is a daily cleanser. exfoliating scrub and revitalizing mask. Skin cleansing volcanic lava from France enriched with nourishing calendula. sweet orange and grapeseed oils. cucumber. parsley. and chamomile for healthy radiant. more youthful looking skin.,"Daily Cleanser: Use pea sized amount mixed with water, apply to skin.","Water/Aqua/Eau, Pumice, Glycerin, Stearic Acid, Stearyl Alcohol, Glyceryl Stearate Citrate, Phenoxyethanol, Ethylhexylglycerin, Citrus Aurantium Dulcis (Orange) Peel Oil, Potassium Cetyl Phosphate, Prunus Amygdalus Dulcis (Sweet Almond) Oil, Vitis Vinifera (Grape) Seed Oil, Glyceryl Stearate SE, Xanthan Gum, Potassium Sorbate, Iron Oxides (CI 77491), Sodium Ascorbyl Phosphate, Cucumis Sativus (Cucumber) Fruit Extract, Carum Petroselinum (Parsley) Extract, Chamomilla Recutita (Matricaria) Flower Extract, Calendula Officinalis Flower Extract."
Too Faced,Tutti Frutti - Pineapple Glow Moisturizing & Brightening Face Mask,$42.00,Only at ULTA!,"Apply an even layer all over face and let the magic happen. Wait 15-20 minutes. Then, rinse completely to reveal baby-soft, refreshed, and brightened skin.","Water\Aqua\Eau, Glycerin, Butylene Glycol, Pyrus Malus (Apple) Fruit Extract, Ananas Sativus (Pineapple) Fruit Extract, Citrullus Lanatus (Watermelon) Fruit Extract, Citrus Limon (Lemon) Fruit Extract, Ficus Carica (Fig) Fruit Extract, Lens Esculenta (Lentil) Fruit Extract, Opuntia Ficus-Indica Stem Extract, Passiflora Edulis Fruit Extract, Vitis Vinifera (Grape) Fruit Extract, Sodium PCA, Sodium Lactate, Sea Water\Aqua Maris\Maris Aqua, Tin Oxide, Xanthan Gum, Calcium Sodium Borosilicate, Sodium Magnesium Silicate, Sodium Hydroxide, Carbomer, Caprylyl Glycol, Hexylene Glycol, Propylene Glycol Dicaprylate/Dicaprate, Citric Acid, Glycolic Acid, Lactic Acid, Glyceryl Acrylate/Acrylic Acid Copolymer, Alcohol Denat., Fragrance (Parfum), Limonene, Benzyl Salicylate, Butylphenyl Methylpropional, Benzyl Alcohol, Benzyl Benzoate, Hydroxyisohexyl 3-Cyclohexene Carboxaldehyde, Amyl Cinnamal, Hydroxycitronellal, Disodium EDTA, Sodium Bisulfite, Phenoxyethanol, Potassium Sorbate, Sodium Benzoate, Titanium Dioxide (CI 77891), Iron Oxides (CI 77491), Red 33 (CI 17200), Yellow 5 (CI 19140)."
ELEMIS,Superfood Vital Veggie Mask,$35.00,Brighten and nourish the skin with Elemis' Superfood Vital Veggie Mask. a moisturizing green mask enriched with nutrient-dense Supergreens. Vitamin C and an active Pre-Biotic to leave skin looking smooth. soft and radiant.,"Apply a generous amount to the face and neck on cleansed, dry skin. A slight tingling may occur while the mask works its magic. Remove after 10 minutes with a damp dark cloth.","Aloe Barbadensis Leaf Juice, Kaolin, Aqua/Water/Eau, Glycerin, C12-15 Alkyl Benzoate, Stearic Acid, Cetearyl Alcohol, Butylene Glycol, Cetearyl Olivate, Sorbitan Olivate, Glyceryl Stearate, Hydroxyethyl Acrylate/Sodium Acryloyldimethyl Taurate Copolymer, Hydroxyacetophenone, Illite, Phenoxyethanol, Salvia Hispanica (Chia) Seed Oil, Xanthan Gum, Disodium EDTA, Ananas Sativus (Pineapple) Fruit Extract, Vitis Vinifera (Grape) Fruit Extract, Fragrance (Parfum), Alcohol Denat., Alpha-Glucan Oligosaccharide, Brassica Oleracea Italica (Broccoli) Seed Oil, Cucurbita Pepo (Pumpkin) Seed Oil, Persea Gratissima (Avocado) Oil, Limonene, Tocopherol, Citrus Aurantium Dulcis (Orange) Peel Oil, Caramel, Polysorbate 60, Sorbitan Isostearate, Maltodextrin, Amyris Balsamifera Bark Oil, Urtica Dioica (Nettle) Juice, Cymbopogon Martini Oil, Passiflora Edulis (Passion Fruit) Fruit Extract, Helianthus Annuus (Sunflower) Seed Oil, Geraniol, Linalool, Rosmarinus Officinalis (Rosemary) Leaf Oil, Daucus Carota Sativa (Carrot) Seed Oil, Brassica Oleracea Acephala (Kale) Leaf Extract, Triticum Aestivum (Wheat) Leaf Extract, Chlorophyllin-Copper Complex, Polyglyceryl-3 Diisostearate, Ethyl Ascorbic Acid, Lecithin, Benzyl Benzoate, Potassium Sorbate, Sodium Benzoate, Sodium Hydroxide, Benzyl Alcohol, Phyllanthus Emblica (Amla) Fruit Extract, Ascorbic Acid, Lonicera Caprifolium (Honeysuckle) Flower Extract, Lonicera Japonica (Honeysuckle) Flower Extract, Benzoic Acid, Dehydroacetic Acid, Sodium Bisulfite."
Kopari Beauty,Coconut Detox Mask,$38.00,Kopari's Coconut Detox Mask is a probiotic multi-mask that includes detoxifying clays and superfoods to coax impurities out of pores and calm inflammation while nourishing skin with essential nutrients.,Apply mask to clean skin and leave on for 10-15 minutes. Rinse and follow with moisturizer. Use 1-2 times a week.,"Water (Aqua), Bentonite, Cocos Nucifera (Coconut) Oil, Glycerin, Caprylic/Capric Triglyceride, Glyceryl Stearate, Propanediol, Lactobacillus Ferment Lysate Filtrate, Kaolin, Butyrospermum Parkii (Shea) Butter, Cetearyl Alcohol, Camellia Sinensis (Green Tea) Leaf Extract, Lactobacillus Ferment, Sodium Stearoyl Lactylate, Xanthan Gum, Tocopherol, Menthyl Ethylamido Oxalate, Cocos Nucifera (Coconut) Fruit Extract, Cucumis Sativus (Cucumber) Fruit Extract, Squalane, Menthol, Brassica Oleracea Capitata (Cabbage) Leaf Extract, Phenoxyethanol, Curcuma Longa (Turmeric) Root Extract (Natural Red), Cocos Nucifera (Coconut) Water, Acacia Catechu Gum, Pyrus Malus (Apple) Fruit Extract, Polyglyceryl-3 Cetearyl Ether Olivate, Helianthus Annuus (Sunflower) Seed Oil, Coffea Arabica (Coffee) Leaf/Seed Extract, Butter Extract, Santalum Album (Sandalwood) Extract, Musa Sapientum (Banana) Fruit Extract, Vaccinium Macrocarpon (Cranberry) Fruit Extract, Cucumis Melo Cantalupensis (Melon) Fruit Extract, Vanilla Planifolia Fruit Extract, Prunus Armeniaca (Apricot) Fruit Extract, Tocopheryl Acetate (Vitamin E Acetate), Simmondsia Chinensis (Jojoba) Seed Oil, Copper Amino Acid Chelate, Cetearyl Olivate, Ascorbyl Palmitate (Vitamin C Palmitate), Sodium Bicarbonate (Baking Soda), Salvia Hispanica (Chia) Seed Oil, Cocos Nucifera (Coconut) Fruit Juice, Ethylhexylglycerin, Sorbitan Olivate, Citric Acid"
Fountain of Truth,Honey Glow Mask,$60.00,Only at ULTA!,Apply a thick layer over the entire face. Massage for one to two minutes while it warms. Leave for 15-30 minutes. Rinse thoroughly with warm water.,"Glycerin, Polyglyceryl-10 Stearate, Caprylic/Capric Triglyceride, Curcuma Longa (Turmeric) Root Powder (1), Hibiscus Sabdariffa Flower Extract (1), Honey Extract, Leuconostoc/Radish Root Ferment Filtrate, Propolis Extract, Royal Jelly Extract, Saccharomyces/Copper Ferment, Saccharomyces/Iron Ferment, Saccharomyces/Magnesium Ferment, Saccharomyces/Silicon Ferment, Saccharomyces/Zinc Ferment, Undaria Pinnatifida Cell Culture Extract, Panthenol, Allantoin, Aqua (Water), Citric Acid, Honey (1), Vanillin, Alcohol (1), Ethylhexylglycerin, Phenoxyethanol, Potassium Sorbate, Sodium Benzoate, Coumarin; (1) Certified Organic Ingredient."
PEACH & LILY,Super Reboot Resurfacing Mask,$43.00,"WHAT IT IS: This professional-grade wash-off mask is your skin reboot in a jar. Utilizing a proprietary deep-cleansing. purifying. and resurfacing formula which ""de-gunks"" dead skin cells and ""unglues"" impurities from deep within pores. the The Peach & Lily Super Reboot Resurfacing Mask effectively and gently exfoliates and refines skin. For those dealing with pesky clogged pores. rough patches or bumps. you've met your masking match. Enjoy dramatically smoother texture and the visibly minimized appearance of fine lines and wrinkles after just one use.","Apply an even layer to clean, dry skin and leave on for 15-20 min. Mild tingling is normal. Rinse thoroughly with lukewarm water and pat dry. Use up to 1-2 times per week. Follow up with Pure Beam Luxe Oil and/or Matcha Pudding Antioxidant Cream for enhanced results. Because formula is free of synthetic dyes, its natural color may alter over time. Store in a cool, dry place, avoiding direct sunlight.","Water (Aqua), Glycolic Acid, Sodium Citrate, Propanediol, Butylene Glycol, Hydroxyethylcellulose, Agave Tequilana Leaf Extract, Allantoin, Aloe Barbadensis Flower Extract, Camellia Sinensis Leaf Extract, Centella Asiatica Extract, Chamomilla Recutita (Matricaria) Flower Extract, Chlorphenesin, Coccinia Indica Fruit Extract, Corallina Officinalis Extract, Curcuma Longa (Tumeric) Root Extract, 1,2-Hexanediol, Ethylhexylglycerin, Glyceryl Caprylate, Glycyrrhiza Glabra (Licorice) Root Extract, Hydrolyzed Hyaluronic Acid, Melia Azadirachta Flower Extract, Melia Azadirachta Leaf Extract, Ocimum Sanctum Leaf Extract, Panthenol, Pantolactone, Phenoxyethanol, Polygonum Cuspidatum Root Extract, Rosmarinus Officinalis (Rosemary) Leaf Extract, Salicylic Acid, Scutellaria Baicalensis Root Extract, Sodium Acetylated Hyaluronate, Sodium Hyaluronate, Solanum Melongena (Eggplant) Fruit Extract, Trisodium Ethylenediamine Disuccinate, Xanthan Gum, Polyglyceryl-10 Caprylate/Caprate, Polyglyceryl-10 Laurate, Lavandula Angustifolia (Lavender) Oil, Pelargonium Graveolens Flower Oil."
Philosophy,Purity Made Simple Pore Extractor Exfoliating Clay Mask,$35.00,The #1 mask in America.* Philosophy's creamy-rich face mask for pores helps draw out impurities. scrub away blackheads and shrink the look of pores. Skin is left looking refreshed. glowing and appears virtually blackhead-free.,"Gently massage onto clean, dry skin focusing on your t-zone and oily areas. Leave on skin for 5-10 minutes, or until the clay is completely dry. Rinse with warm water. For deeper exfoliation, increase the massage intensity when applying, and while removing with water, perform a second massage. Philosophy recommends using two times per week.","Aqua/Water/Eau, Kaolin, Solum Diatomeae/Diatomaceous Earth/Terre De Distomees, Propanediol, Bentonite, Decyl Glucoside, Alchol Denat., Lauryl Glucoside, Propylene Glycol, Polysilicone-11, PVP, Xanthan Gum, Sailicylic Acid, Sodium PCA, Sodium Citrate, Citric Acid, Parfum/Fragrance, Chlorphenesin, Linalool, Disodium EDTA, Limonene, Laureth-12, Phenoxyethanol, Geraniol, Vanillyl Butyl Ether, Ethylhexylglycerin, Titanium Dioxide (CI 77891)."
Peter Thomas Roth,Water Drench Hyaluronic Micro-Bubbling Cloud Mask,$48.00,Peter Thomas Roth's Water Drench Cloud Mask is a micro-bubbling mask that drenches your skin with a continuous burst of pure hydration and oxygen from the atmosphere.,"Apply a thin layer to clean, dry skin. Mask will begin to bubble, activating fully within five minutes. Rinse off, or leave on for up to 15 minutes. Use two to three times a week, or daily as needed. For external use only.","Water/Aqua/Eau, Cocamidopropyl Betaine, Cetyl Alcohol, Methyl Perfluorobutyl Ether, Methyl Perfluoroisobutyl Ether, Caprylic/Capric Triglyceride, Glycerin, Glyceryl Stearate, PEG-100 Stearate, Propanediol, Sodium Chloride, Sodium Polyacrylate, Ceramide NP, Gossypium Herbaceum (Cotton) Seed Extract, Althaea Officinalis Root Extract, Sodium Hyaluronate, Potassium Cocoyl Glycinate, Xanthan Gum, Perfluorohexane, Potassium Cocoate, Cocamidopropyl Dimethylamine, Sodium Glycolate, Perfluoroperhydrophenanthrene, Perfluorodecalin, Sodium Hydroxide, Perfluorodimethylcyclohexane, Mica, Propylene Glycol, Saccharide Isomerate, Butylene Glycol, Citric Acid, Sodium Citrate, Potassium Sorbate, Sodium Benzoate, Sorbic Acid, Ethylhexylglycerin, Phenoxyethanol."
Origins,Clear Improvement Charcoal Honey Mask To Purify & Nourish,$34.00,Origins Clear Improvement Charcoal Honey Mask To Purify & Nourish is a gentle purifying mask that deeply detoxes while nourishing skin. leaving it feeling comfortably clean. clear and conditioned.,"Use once a week or as often as needed. Open pores with warm, moist towel and layer on. Allow to dry. Rinse well.","Water\Aqua\Eau Butylene Glycol Bentonite Montmorillonite Honey\Mel\Miel Polysorbate 20 PEG-100 Stearate Polybutene Jojoba Esters Lavandula Angustifolia (Lavender) Oil*, Citrus Limon (Lemon) Peel Oil*, Cananga Odorata Flower Oil*, Mentha Viridis (Spearmint) Leaf Oil*, Rosmarinus Officinalis Leaf Oil, Eugenia Caryophyllus (Clove) Bud Oil*, Gaultheria Procumbens (Wintergreen) Leaf Oil*, Citrus Aurantium Amara (Bitter Orange) Flower Extract, Triethyl Citrate, Ethyl Phenylacetate, Limonene, Linalool, Eugenol, Citral, Benzyl Benzoate Yeast Extract\Faex\Extrait De Levure Kaolin, Charcoal Powder Caffeine Sodium Hyaluronate Glycerin Trehalose Lecithin Ethylhexylglycerin Xanthan Gum Caprylyl Glycol PEG-150 Distearate Silica Hexylene Glycol Disodium Edta Tetrasodium Edta Dehydroacetic Acid Phenoxyethanol Mica Titanium Dioxide (CI 77891) Iron Oxides (CI 77491, CI 77492, CI 77499)."
Kate Somerville,ExfoliKate Intensive Exfoliating Treatment,$85.00,ExfoliKate Intensive Exfoliating Treatment is a revolutionary. scientifically-proven treatment that shows you how to exfoliate and get dramatically smoother. brighter. healthier-looking skin. Kate Somerville's award-winning exfoliating scrub delivers the Hollywood 2-minute glow!,"AM or PM. Use once or twice a week. Apply a thin, even layer to a clean, wet face, massaging in a circular motion for 30 seconds. Leave on for up to 2 minutes. Rinse and gently pat dry. This product may cause the skin to tingle and flush slightly for a short time. For sensitive skin, leave on for less than 1 minute, or use ExfoliKate Gentle instead.","Water/Aqua/Eau, Lactic Acid, Silica, Glycine Soja (Soybean) Oil, Pectin, Cetearyl Alcohol, Carica Papaya (Papaya) Fruit, Ceteareth-20, Cetyl Alcohol, Phenoxyethanol, Dehydroxanthan Gum, Glyceryl Stearate, PEG-100 Stearate, Salicylic Acid, Lactobacillus/Pumpkin Ferment Extract, Alcohol Denat., Sorbic Acid, Cinnamal, Honey/Mel/Miel, Citrus Aurantium Bergamia (Bergamot) Fruit Oil, Eugenol, Potassium Sorbate, Limonene, Linalool, Lavandula Angustifolia (Lavender) Oil, Beta-Carotene, Chlorophyllin-Copper Complex, Aloe Barbadensis Leaf Juice Powder, Bromelain, Papain, Retinyl Palmitate, Tocopheryl Acetate, Cinnamomum Cassia Leaf Oil, Acetic Acid, Pogostemon Cablin Oil, Geranium Maculatum Oil, Aniba Rosaeodora (Rosewood) Wood Extract, Citrus Aurantium Dulcis (Orange) Peel Oil."
It Cosmetics,Bye Bye Redness Sensitive Skin Moisturizer,$48.00,Developed with plastic surgeons. Bye Bye Redness Sensitive Skin Moisturizer helps neutralize and soothe the look of redness while providing deep hydration. and is gentle enough for even the most sensitive and dry skin. Perfect for a.m. and p.m.. your redness-relieving moisturizer also smooths the look of lines and wrinkles. and is infused with anti-aging. skin-soothing colloidal oatmeal. aloe. cucumber. chamomile extract. avocado. chrysin. turmeric. collagen and peptides. You'll see powerful results instantly and more transformative results over time!,Apply onto clean skin in the morning and evening to soothe and hydrate in one step. Follow with your iconic IT Cosmetics Bye Bye Redness Neutralizing Correcting Cream and/or IT Cosmetics Bye Bye Redness Redness Erasing Correcting Powder for complexion perfection results.,"Aqua/Water/Eau, Butylene Glycol, Cyclopentasiloxane, Glycerin, Butylene Glycol Dicaprylate/Dicaprate, Ethylhexyl Isononanoate, Hydrogenated Polyisobutene, Glyceryl Stearate, Dimethicone, Caprylic/Capric/Myristic/Stearic Triglyceride, PEG-100 Stearate, Polyglyceryl-3 Methylglucose Distearate, Stearyl Behenate, Pentaerythrityl Tetraethylhexanoate, Biosaccharide Gum-1, Cetearyl Alcohol, Hydrogenated Lecithin, Polyethylene, PEG/PPG-20/15 Dimethicone, Phenyl Methicone, Dimethicone/Vinyl Dimethicone Crosspolymer, Stearyl Stearate, PEG-150 Distearate, Stearic Acid, Palmitic Acid, Cocos Nucifera (Coconut) Oil, Aloe Barbadensis Leaf Extract, Butyrospermum Parkii (Shea) Butter, Phytosteryl/Isostearyl/Cetyl/Stearyl/Behenyl Dimer Dilinoleate, Ceramide Np, Hydrogenated Polydecene, Ceteareth-20, Glyceryl Citrate/Lactate/Linoleate/Oleate, Hydroxypropyl Bispalmitamide Mea, Glycosphingolipids, Ceramide Ap, Meadowfoam Estolide, Glycine Soja (Soybean) Sterols, Cetearyl Glucoside, Betaine, Sodium Hyaluronate, Polyquaternium-51, Glyceryl Polymethacrylate, Aleuritic Acid, Yeast Extract, Glycoproteins, Hydroxyethyl Acrylate/Sodium Acryloyldimethyl Taurate Copolymer, Squalane, Polysorbate 60, Sorbitan Isostearate, Portulaca Oleracea Extract, Tocopheryl Acetate, Allantoin, Carbomer, Glucose, Tromethamine, Eruca Sativa Leaf Extract, Sodium Benzotriazolyl Butylphenol Sulfonate, Buteth-3, Tributyl Citrate, Hydrolyzed Collagen, Ethylhexylglycerin, Niacinamide, Camellia Sinensis Leaf Extract, Citric Acid, Retinyl Retinoate, Polylactic Acid, Canola Oil, Cholesteryl Nonanoate, Ascorbyl Tetraisopalmitate, Glycyrrhiza Glabra (Licorice) Root Extract, Chamomilla Recutita (Matricaria) Flower Water, Curcuma Longa (Turmeric) Root Extract, Colloidal Oatmeal, Leuconostoc/Radish Root Ferment Filtrate, Steareth-20, N-Hydroxysuccinimide, Chrysin, Palmitoyl Oligopeptide, Palmitoyl Tetrapeptide-7, Chlorhexidine Digluconate, Potassium Sorbate, Panthenol, Persea Gratissima (Avocado) Oil, Vitis Vinifera (Grape) Seed Oil, Beta-Glucan, Acetyl Hexapeptide-8, Acetyl Octapeptide-3, Caprylyl Glycol, Olea Europaea (Olive) Fruit Oil, Cholesteryl Isostearate, Cholesteryl Chloride, BHT, Silica, Dipropylene Glycol, Magnolia Acuminata Bark Extract, Chrysanthemum Parthenium (Feverfew) Extract, Lithospermum Officinale Extract, Agaricus Bisporus (Mushroom) Extract, Saccharum Officinarum (Sugar Cane) Extract, Cucumis Sativus (Cucumber) Fruit Extract, Zinc PCA, Hippophae Rhamnoides Fruit Extract, Hydrolyzed Silk, Phenoxyethanol, Caprylhydroxamic Acid, Disodium EDTA, 1,2-Hexanediol, FD&C Blue 1 (CI 42090), FD&C Yellow No. 5 (CI 19140)."
The Body Shop,Tea Tree Squeaky-Clean Scrub,$16.00,The Body Shop difference: Our Tea Tree Squeaky Clean Scrub contains Community Fair Trade organic tea tree oil from the foothills of Mount Kenya. Tea tree leaves are picked by hand and steam-distilled to release the oil. ,"Massage onto wet skin. Rinse off with clean, warm water. If product gets into the eyes, rinse thoroughly.","Aqua/Water (Solvent/Diluent), Sodium Laureth Sulfate (Surfactant), Glycerin (Humectant), Lauryl Betaine (Surfactant), Polyethylene (Opacifier), Acrylates Copolymer (Stabiliser), PEG-40 Hydrogenated Castor Oil (Emulsifier), Propanediol (Viscosity Modifier), Phenoxyethanol (Preservative), Melaleuca Alternifolia Leaf Oil/Melaleuca Alternifolia (Tea Tree) Leaf Oil (Natural Additive), Sodium Chloride (Viscosity Modifier), Mannitol (Skin Conditioning Agent), Sodium Hydroxide (pH Adjuster), p-Anisic Acid (pH Modifier), Cellulose (Absorbent/Chelating Agent), Acacia Concinna Fruit Extract (Natural Additive), Balanites Aegyptiaca Fruit Extract (Surfactant - Foam Booster), Menthol (Fragrance/Cooling Agent), Disodium EDTA (Chelating Agent), Gypsophila Paniculata Root Extract (Skin Conditioning Agent), Limonene (Fragrance Ingredient), Calophyllum Inophyllum Seed Oil (Skin Conditioning Agent), Citral (Fragrance Ingredient), Tocopheryl Acetate (Antioxidant), Leptospermum Petersonii Oil (Fragrance Ingredient), Potassium Sorbate (Preservative), Sodium Benzoate (Preservative), Hydroxypropyl Methylcellulose (Thickening Agent), Sorbic Acid (Preservative), Tocopherol (Antioxidant), CI 19140/Yellow 5 (Colour), CI 42090/Blue 1 (Colour)."
Mad Hippie,Exfoliating Serum,$34.99,Shed dull skin and discoloration to reveal brighter. smoother looking skin. Sixteen actives with alpha hydroxy acids. apple stem cells and gigawhite. Apple stem cells come from the rare Swiss apple tree have powerful antioxidant and skin rejuvenating properties Gigawhite is a natural blend of six organically grown alpine plants that reduce the appearance of skin discoloration and brighten. Mad Hippie recommends using either their Exfoliating Serum or the Vitamin A Serum as your exfoliant.,"Rub in well, making sure products fully penetrate the skin.","Water (Aqua), Glycolic Acid, Hydrolyzed Vegetable Protein PG-Propyl Silanetriol, Malus Domestica Fruit Cell Culture Extract, Isomalt, Hyaluronic Acid (Sodium Hyaluronate Acid), Gigawhite (Aqua, Glycerin, Malva Sylvestris (Mallow) Extract, Mentha Piperita (peppermint) Leaf Extract, Primula Veris Extract, Alchemilla Vulgaris Extract, Veronica Officinalis Extract, Melissa Officinalis Leaf Extract, Achillea Millefolium Extract), Lactic Acid, Xanthan Gum, Glycerin, Vitamin E (Tocopherol), Vitamin B5 (Panthenol), Matrixyl Synthe' 6 (Peptide: Glycerin - Aqua - Hydroxypropyl Cyclodextrin - Palmitoyl Tripeptide-38), Niacinamide, White Tea Extract (Camelia Sinensis), Goji Berry Extract (Lycium Barbarum), Methyl Cellulose, Melatonin, Caffeine, Biotin, Ceramide 3, Squalane (Vegan), Hydrolyzed Soy Protein, Potassium Citrate."
Dermalogica,Daily Superfoliant,$59.00,This highly-active resurfacer delivers your smoothest skin ever. and helps fight the environmental triggers known to accelerate skin aging. Advanced powder formula activates upon contact with water to deep cleanse and detoxify pores. Activated binchotan charcoal adsorbs pollutants known to irritate skin.,"After cleansing, dispense a half-teaspoon into wet hands. Rub to create a creamy paste. Apply to face in circular motions, avoiding eyes. Massage gently for about 1 minute. Rinse.","Microcrystalline Cellulose, Sodium Bicarbonate, Sodium Cocoyl Glutamate, Sodium Myristoyl Glutamate, Malic Acid, Sodium Methyl Cocoyl Taurate, Charcoal Powder, Vinyl Dimethicone/Methicone Silsesquioxane Crosspolymer, Maltodextrin, Silica, Magnesium Oxide, Oryza Sativa (Rice) Bran Extract, Polymethylsilsesquioxane, Sapindus Trifoliatus Fruit Extract, Niacinamide, Citrus Aurantium Amara (Bitter Orange) Peel Oil, Zingiber Officinale (Ginger) Root Extract, Lavandula Angustifolia (Lavender) Oil, Lavandula Hybrida Oil, Camellia Sinensis Leaf, Kappaphycus Alvarezii Extract, Caesalpinia Spinosa Fruit, Pod Extract, Citrus Limon (Lemon) Peel Oil, Rosmarinus Officinalis (Rosemary) Leaf Oil, Salvia Officinalis, (Sage) Oil, Subtilisin, Lipase, Papain, Lactic Acid, Avena Sativa (Oat) Starch, Sodium Chloride, Sodium Dehydroacetate, Xanthan Gum, Water/Aqua/Eau, Coconut Acid, Calcium Lactate, Capryloyl Glycine, Undecylenoyl Glycine, Cetrimonium Chloride, Limonene, Linalool."
Proactiv,Green Tea Moisturizer,$40.00,Proactiv+'s lightweight. oil-free. non-greasy formula is rich in mineral and botanical extracts. including green tea. to help soothe dry skin without clogging pores. It's your perfect moisturizer for blemish-prone skin.,"Apply daily, as needed, to alleviate dryness. Can be worn alone or under makeup. When using the 3-step system, the Green Tea Moisturizer should be applied after Step 3. If going outside, wear a sunscreen SPF 15 or higher.","Water (Aqua), Glycerin, Butylene Glycol, Dimethicone, Sodium Polyacrylate, Iris Florentina Root Extract, Macadamia Ternifolia Seed Oil, Epigallocatechin Gallate, Hydrogenated Polydecene, Trideceth-6, Zinc Sulfate, Retinyl Palmitate, Sodium Hyaluronate, Squalane, Caprylic/Capric Triglyceride, Ethylhexyl Palmitate, PPG-2 Myristyl Ether Propionate, Alcohol, Allantoin, Propanediol, C12-15 Alkyl Lactate, Polyquaternium-11, Disodium EDTA, Ethylparaben, Methylparaben, Propylparaben, Phenoxyethanol, Fragrance (Parfum), Alpha-Isomethyl Ionone, Butylphenyl Methylpropional, Citronellol, Hexyl Cinnamal, Hydroxycitronellal, Linalool."
Philosophy,Clear Days Ahead Oil-Free Salicylic Acid Acne Treatment Cleanser,$22.00,Only at ULTA!,"Apply to slightly damp face, and massage for 30-60 seconds. Rinse thoroughly. Use morning and evening. If bothersome dryness or peeling occurs, reduce application to once a day or every other day.","Active: Salicylic Acid (1.0%). Inactive: Water, Sodium C14-16 Olefin Sulfonate, Acrylates Crosspolymer-4, Cocamidopropyl Betaine, Polysorbate 20, Niacinamide, Glycerin, Panthenol, Citrus Aurantium Dulcis (Orange) Peel Extract, Hydrolyzed Jojoba Esters, Jojoba Esters, Disodium Capryloyl Glutamate, Sodium Chloride, Sodium Sulfate, Potassium Chloride, Butylene Glycol, Citric Acid, Sodium Hydroxide, Hydrogen Peroxide, Propylene Glycol, Methylchloroisothiazolinone, Methylisothiazolinone, O-Cymen-5-Ol."
Kate Somerville,EradiKate Salicylic Acid Acne Treatment,$58.00,Kate Somerville's EradiKate Salicylic Acid Acne Treatment is a lightweight all-over acne treatment that is formulated with Salicylic Acid to reduce and prevent blemishes. Retinol helps visibly smooth skin texture and even skin tone while a blend of soothing ingredients helps balance the skin's microbiome.,"PM. Apply a thin, even layer to clean, dry skin.  It is recommended that you use sunscreen daily when using this product.","Aqua/Water/Eau, Glycereth-7 Trimethyl Ether, Cetyl Alcohol, Caprylic/Capric Triglyceride, Isopropyl Isostearate,Trimethylolpropane Tricaprylate/Tricaprate, Steareth-21, Dimethicone, Glycereth-18 Ethylhexanoate, Propanediol, Steareth-2, Retinyl Propionate, Hexylresorcinol, Oligopeptide-10, Proline, Hydroxyproline, Ethyl Linoleate, Sodium Hyaluronate, Saccharide Isomerate, Sodium PCA, Panthenol, Melaleuca Alternifolia Leaf Oil, Laminaria Digitata Extract, Boswellia Serrata Extract, Honey Extract,Oryza Sativa (Rice) Bran Extract, Chlorella Vulgaris Extract, Sea Water, Glycerin, Butylene Glycol, Glycereth-18, Trimethylpentanediol/Adipic Acid Copolymer, 1,2-Hexanediol, Polyacrylate Crosspolymer-6, Polymethylsilsesquioxane/Silica Crosspolymer, Aminomethyl Propanol, Caprylhydroxamic Acid, Disodium EDTA, Phenoxyethanol, Sodium Benzoate, Ethylhexylglycerin, Lavandula Angustifolia (Lavender) Oil, Disodium Carboxyethyl Siliconate, T-Butyl Alcohol, Linalool, Limonene, Iron Oxides (CI 77491)."
Clinique,Acne Solutions Clinical Clearing Gel,$27.00,Get results as good as a leading topical prescription in clearing acne. Clinique's daily treatment Acne Solutions Clinical Clearing Gel starts clearing blemishes upon application. It helps prevent new ones from making an unwelcome appearance. and makes visibly clearer skin a way of life.,Apply a thin layer to entire face twice a day after cleansing,"Active: 1.0% Salicylic Acid. Inactive: Alcohol Denat., Water / Aqua / Eau, Acrylates / C10-30 Alkyl Acrylate Crosspolymer, Hamamelis Virginiana (Witch Hazel), Laminaria Saccharina Extract, Sea Whip Extract, Butylene Glycol, Benzalkonium Chloride."
Murad,Time Release Acne Cleanser,$39.00,Murad's Time Release Acne Cleanser is a high-performance. anti-aging acne wash that helps treat breakouts and diminishes early signs of aging. The low-foaming cream formula delivers sustained-released salicylic acid that continues to work even after rinsing to improves skin's appearance.,Massage a small amount over dampened face and neck. Rinse with warm water and pat dry.,"Active Ingredient: Salicylic Acid 0.5%. Inactive Ingredients: Water (Aqua), Disodium Cocoamphodiacetate, Glycerin, Butylene Glycol, Cetyl Alcohol, Cocamidopropyl Betaine, PPG-15 Stearyl Ether, Sodium Cocoyl Isethionate, Glyceryl Stearate, PEG-100 Stearate, Sodium Polyacrylate, Sodium Hyaluronate, Tocopheryl Acetate, Caprylic/Capric Triglyceride, Retinol, Salix Alba (Willow) Bark Extract, Ascorbic Acid, Chitosan, Silver Citrate, Sodium PCA, Betaine, Sorbitol, Glycine, Alanine, Proline, Serine, Threonine, Arginine, Lysine, Glutamic Acid, Zinc Gluconate, Argania Spinosa Kernel Extract, Serenoa Serrulata Fruit Extract, Sesamum Indicum (Sesame) Seed Extract, Cimicifuga Racemosa Root Extract, Melaleuca Alternifolia (Tea Tree) Leaf Oil, Cocamidopropyl Dimethylamine, Zea Mays (Corn) Starch, Hydrolyzed Corn Starch, Hydrolyzed Corn Starch Octenylsuccinate, Citric Acid, Disodium EDTA, Propyl Gallate, Polysorbate 80, Menthol, Glycol Distearate, Steareth-4, PEG-150 Distearate, Phenoxyethanol, Caprylyl Glycol, Chlorphenesin, Fragrance (Parfum)."
Exuviance,Age Reverse Eye Contour,$79.00,Exuviance Age Reverse Eye Contour is a unique combination of super potent ingredients including peptides to help replace lost collagen and firm skin's structure. targeting droopiness and sagging. to give the eye area new definition and a more contoured look. Patented Maltobionic Acid/PHA alleviates appearance if crow's feet. fortifies skin's protective barrier and cushions skin to hide dark circles without irritating the delicate eye area.,Gently apply around eye area until cream disappears. Use twice daily.,"Aqua (Water), Caprylyl Methicone, Glycerin, Cyclopentasiloxane, Gluconolactone, Maltobionic Acid, Batyl Alcohol, Butyrospermum Parkii (Shea Butter), C12-15 Alkyl Benzoate, Cetearyl Alcohol, Isocetyl Stearate, Octyldodecyl Myristate, Nylon-12, Polymethylsilsesquioxane, Ethoxydiglycol, Cetyl Alcohol, Glyceryl Stearate, PEG-100 Stearate, Palmitoyl Oligopeptide, Palmitoyl Tetrapeptide-7, Retinyl (Vitamin A) Palmitate, Tetrahexyldecyl Ascorbate (Vitamin C Ester), Tocopheryl (Vitamin E) Acetate, Sodium Hyaluronate, Caffeine, Chamomilla Recutita (Matricaria) Flower Oil, Daucus Carota Sativa (Carrot) Seed Oil, Panax Ginseng Root Extract, Butylene Glycol, Ammonium Hydroxide, Ceteth-20, Steareth-20, PEG-75 Stearate, Dimethicone Crosspolymer, Magnesium Aluminum Silicate, Xanthan Gum, Disodium EDTA, Chlorphenesin, Sodium Bisulfite, Caprylyl Glycol, Phenoxyethanol, CI 19140 (Yellow 5), CI 17200 (Red 33)"
First Aid Beauty,Facial Radiance Pads,$32.00,First Aid Beauty Facial Radiance Pads are safe for daily use by all skin types-even sensitive. Cucumber and Indian gooseberry help tone skin while lemon peel and licorice root leave the complexion looking bright and glowing. Regular use of these pads will smooth the skin's texture - providing the perfect canvas for flawless makeup application.,"Wipe pad across face, neck and décolleté after cleansing once or twice daily.","Water/Aqua/Eau, Aloe Barbadensis Leaf Juice, Glycerin, Cucumis Sativus Fruit Extract, Lactic Acid, Glycolic Acid, Leuconostoc/Radish Root Ferment Filtrate, Chrysanthemum Parthenium Extract, Sodium Hydroxide, Polysorbate 20, Camellia Sinensis Leaf Extract, Glycyrrhiza Glabra Root Extract, Citrus Nobilis Fruit Extract, Citrus Limon Peel Extract, Hyaluronic Acid, Phyllanthus Emblica Fruit Extract, EDTA, Tetrasodium EDTA, Phenoxyethanol, Chlorphenesin."
Tula,Hydrating Day & Night Cream,$52.00,Tula's Hydrating Day & Night Cream is a whipped moisturizer that delivers deep hydration to help revive dull. tired skin. This nourishing cream. full of naturally derived probiotics and superfoods. reveals an even. glowing. youthful-looking complexion. Formulated to be light enough for day and under makeup yet deeply hydrates at night.,"Apply a pearl-size amount to clean, dry skin after cleansing, both morning & night.","Aqua/Water/Eau, Butylene Glycol, Ethylhexyl Palmitate, Squalane, Glycerin, Caprylic/Capric Triglyceride, Dimethicone, Hydrogenated Vegetable Oil, Glyceryl Stearate, PEG-100 Stearate, Lactose, Milk Protein, Bifida Ferment Lysate, Yogurt Extract, Hydrolyzed Rice Protein, Cichorium Intybus (Chicory) Root Extract, Vaccinium Angustifolium (Blueberry) Fruit Extract, Olus/Vegetable Oil/Huile Végétale, Camelina Sativa Seed Oil, Camellia Sinensis Leaf Extract, Curcuma Longa (Turmeric) Root Extract, Tocopheryl Acetate, Retinyl Palmitate, Ascorbyl Palmitate, Carthamus Tinctorius (Safflower) Seed Oil, Olea Europaea (Olive) Fruit Oil, Citrullus Lanatus (Watermelon) Fruit Extract, Pyrus Malus (Apple) Fruit Extract, Lens Esculenta (Lentil) Fruit Extract, Sodium Lactate, Sodium PCA, Carbomer, Sodium Hydroxide, Pentylene Glycol, Caprylyl Glycol, Bulnesia Sarmientoi Wood Oil, Citrus Limon (Lemon) Fruit Oil, Citrus Aurantium Dulcis (Orange) Oil, Juniperus Mexicana Oil, Cananga Odorata Flower Oil, Fragrance (Parfum), Ethylhexylglycerin, Sorbic Acid, Sodium Benzoate, Disodium EDTA, Potassium Sorbate, Phenoxyethanol, Alpha-Isomethyl Ionone, Butylphenyl Methylpropional, Hexyl Cinnamal, Linalool."
StriVectin,WRINKLE recode Line Transforming Melting Serum,$89.00,O. The Oprah Magazine Spring 2018 Beauty O-Ward Winner,Apply to clean face before moisturizer in the AM and PM. Warm 1 to 2 pumps in hands and gently pat into skin. Follow with SD Advanced Intensive Concentrate for Wrinkles & Stretch Marks for the ultimate wrinkle fighting treatment.,"Caprylic/Capric Triglyceride, Glycerin, Pentaerythrityl Tetraethylhexanoate, Isocetyl Behenate, Macadamia Integrifolia Seed Oil, Aqua (Water, Eau), Myristyl Nicotinate, Sucrose Stearate, Polyglyceryl-10 Laurate, Propanediol, Sucrose Palmitate, Palmitoyl Tripeptide-5, Polyglyceryl-10 Behenate/Eicosaidioate, Pentaerythrityl Tetra-di-t-butyl Hydroxyhydrocinnamate, Prinsepia Utilis Seed Oil, Pentaerythrityl Tetra-di-t-butyl Hydroxyhydrocinnamate, Caprylyl Methicone, Methylglucoside Phosphate, Phenoxyethanol, BHT, Tocopherol, Calendula Officinalis Flower Extract, Copper Lysinate/Prolinate, Ethylhexylglycerin, Diglucosyl Gallic Acid, CI 17200 (Red 33 Lake), Fragrance (Parfum), Isononyl Isononanoate, Isopropyl Myristate, Isopropyl Titanium Triisostearate, Propylene Carbonate, Stearalkonium Hectorite, Polyhydroxystearic Acid, Linalool."
Skyn Iceland,Hydro Cool Firming Eye Gels,$30.00,When you're run down and stressed out. the delicate skin under your eyes really takes a beating. resulting in puffiness and premature wrinkling. In just ten minutes. Skyn Iceland Hydro Cool Firming Eye Gels. a cooling transdermal gel patch. infuses the eye area with Icelandic glacial waters and concentrated doses of firming ingredients to de-puff. tone and reduce the appearance of fine lines and wrinkles. Peptides and botanicals improve blood flow and reduce puffiness while advanced antioxidants help prevent future damage. The patch. a cutting-edge delivery system. is easy to both apply and remove and is non-irritating.,Remove backing and apply gel side to under eye area for ten minutes. Use once a week or whenever you need a quick fix!,"Water/Aqua/ Eau, Polyacrylic Acid, Glycerin, Olea Europaea (Olive) Fruit Oil, Angelica Archangelica Root Water*, Sodium Hydroxide, Ginkgo Biloba Leaf Extract, Acetyl Hexapeptide-8, Hydrolyzed Extensin, Agar, Caprylyl Glycol, Perfluorodecalin, Simmondsia Chinensis (Jojoba) Seed Oil, Xanthan Gum, Ubiquinone,Thymus Vulgaris (Thyme) Flower/Leaf Extract, Buddleja Davidii Extract, Rubus Chamaemorus (Arctic Cloudberry) Seed Oil, Oxycoccus Palustris (Arctic Cranberry) Seed Oil, Aluminum Glycinate, Polysorbate 60, Ceramide NP, 1,2-Hexanediol, Sucrose Palmitate, Potassium Sorbate, Sodium Benzoate."
Mario Badescu,Glass Bottle Drying Lotion,$17.00,The Drying Lotion is a fast acting. effective acne spot treatment. Formulated with salicylic acid. calamine and other quick-drying ingredients. this product will shrink ugly whiteheads virtually overnight while you sleep. While other acne spot treatments can irritate and dry delicate or sensitive skin. this product is safe and effective for all skin types.,"DO NOT SHAKE THE BOTTLE. Before bed (after cleansing and toning), dip a cotton swab into the pink sediment at the bottom of the bottle. Dab directly on the whitehead; do not rub in. Let dry and rinse off in the morning.","Isopropyl Alcohol, Aqua (Water, Eau), Calamine, Zinc Oxide, Titanium Dioxide, Sulfur, Camphor, Talc, Glycerin, Salicylic Acid."
St. Tropez,Self Tan Purity Bronzing Water Face Mist,$30.00,Achieve a natural looking golden tan that lasts for days. in just one application with St.Tropez tropically scented. hydrating and weightless Self Tan Purity Bronzing Water Face Mist. This ultra-lightweight transparent mist is infused with 100% natural tanning agents. as well as Hibiscus extract for its anti-oxidant properties and uplifting Fresh Green Mandarin Water for a new refreshing and uplifting tropical fragrance and no tell-tale self tan smell. Simply spritz under or over make-up with no need to rinse off for a wearable tan that subtly develops over 4-8 hours into a natural. streak-free golden tan that will last for days. Apply evenly over the neck and décolletage for a flawless glow. Spritz and glow!,"Shake well before use to combine the two phases. Close eyes and apply on to a clean dry face, misting 3-5 pumps in a downwards motion evenly over face, neck and décolletage. Once absorbed, make-up can be applied as normal. Use this product daily or as often as desired, until required color is reached. Spritz in the morning as primer, during the day as setting spray, or at night to refresh & revive your tan.","Aqua (Water), Isododecane, Isopropyl Palmitate, Dihydroxyacetone, Caprylic/Capric Triglyceride, Saccharide Isomerate, Persea Gratissima (Avocado) Oil, Sodium Metabisulfite, Parfum (Fragrance), Phenoxyethanol, Benzyl Alcohol, Tocopheryl Acetate, Citrus Nobilis (Mandarin Orange) Fruit Extract, Himanthalia Elongata Extract, Linalool, Panthenol, Sodium Chloride, Rosa Canina Fruit Oil, Limonene, Hexyl Cinnamal, Citronellol, Glycerin, Hydrolyzed Hyaluronic Acid, Butylene Glycol, Citric Acid, Sodium Citrate, Caramel, Hibiscus Sabdariffa Flower Extract, Potassium Sorbate."
Clinique,Moisture Surge 72 Hour Auto-Replenishing Hydrator,$21.00,Clinique's Moisture Surge 72 Hour Auto-Replenishing Hydrator is an addictively refreshing gel-cream that provides an instant moisture boost - and is now enhanced to deliver almost twice as much hydration at the end of the day than it did before.,"Multi-tasking formula can be used anytime skin needs a moisture boost, under or over makeup, or as a 5-minute mask.","Water\Aqua\Eau, Dimethicone, Butylene Glycol, Glycerin, Trisiloxane, Trehalose, Sucrose, Ammonium Acryloyldimethyltaurate/Vp Copolymer, Hydroxyethyl Urea, Camellia Sinensis (Green Tea) Leaf Extract, Silybum Marianum (Lady'S Thistle) Extract, Betula Alba (Birch) Bark Extract, Saccharomyces Lysate Extract, Aloe Barbadensis Leaf Water, Thermus Thermophillus Ferment, Caffeine, Sorbitol, Palmitoyl Hexapeptide-12, Sodium Hyaluronate, Caprylyl Glycol, Oleth-10, Sodium Polyaspartate, Saccharide Isomerate, Hydrogenated Lecithin, Tocopheryl Acetate, Acrylates/C10-30 Alkyl Acrylate Crosspolymer, Glyceryl Polymethacrylate, Tromethamine, PEG-8, Hexylene Glycol, Magnesium Ascorbyl Phosphate, Disodium EDTA, BHT, Phenoxyethanol, Red 4 (CI 14700), Yellow 5 (CI 19140)."
Philosophy,Renewed Hope In A Jar,$65.00,Philosophy skin labs' original breakthrough moisturizer is changing the face of skin care again. The revolutionary lightweight. whipped formula of Hope In A Jar is renewed and infused with a new innovation: clinically proven skin renewal technology. This groundbreaking formulation features a triple blend of alpha hydroxy acids. 3 forms of hyaluronate plus an Asian fruit extract. delivering an even longer-lasting glow and continuous hydration benefits. reaffirm your commitment to beautiful skin with renewed hope and face the future with a whole new outlook.,Apply morning and evening after cleanser and treatment. Avoid the eye area.,"Aqua/Water/Eau, Cyclopentasiloxane, Stearic Acid, Glycerin, Butylene Glycol, C12-15 Alkyl Benzoate, Glycolic Acid, Dimethicone, Polyacrylamide, Cetearyl Alcohol, Phenoxyethanol, Sodium Hydroxide, C13-14 Isoparaffin, Dimethicone Crosspolymer, Ceteareth-20, Ammonium Acryloyldimethyltaurate/Vp Copolymer, Polysilicone-11, Acrylates/C10-30 Alkyl Acrylate Crosspolymer, Laureth-7, Citric Acid, Chlorphenesin, Mandelic Acid, Tocopheryl Acetate, Synthetic Fluorphlogopite, Ethlhexyl Palmitate, Propanediol, Parfum/Fragrance, Disodium EDTA, Adenosine, Evodia Rutaecarpa Fruit Extract, Limonene, Faex/Yeast Extract/Extrait De Levure, Magnesium Stearate, Opuntia Coccinellifera Flower Extract, Silica Dimethyl Silylate, Caprylyl Glycol, BHT, Ethylhexylglycerin, Hyaluronic Acid, Silanetriol, Sodium Hyaluronate, Sorbic Acid, Hexylene Glycol, Bismuth Oxychloride (CI 77163)."
Dermalogica,Dynamic Skin Recovery Broad Spectrum SPF 50,$73.00,SPF moisturizer to help combat triggers that lead to skin aging. Achieve absolute hydration and help defend against the internal and external causes of skin aging with this medium-weight. emollient daily moisturizer with broad spectrum SPF 50. A patented polypeptide combined with glucosamine and soy helps stimulate collagen synthesis. enhances the skin's natural ability to fight skin-aging free radicals (reactive oxygen species) and helps prevent the signs of aging caused by sugar reacting with proteins in skin (AGEs). White tea polyphenols help regulate the formation of collagen-degrading MMPs brought on by UV rays while tripeptides. yeast extract and phytoestrogens help enhance skin firmness. Advanced sunscreen technology provides critical protection from daylight exposure. yet blends smoothly into skin to create a perfected finish. Formulated without artificial fragrances and colors.,"After cleansing and toning, apply a generous amount to face and neck, preferably 30 minutes prior to sun exposure.","Active: Avobenzone (3.0%), Octinoxate (7.5%), Octisalate (5.0%), Oxybenzone (5.0%). Inactive: Water/Aqua/Eau, Octyldodecyl Neopentanoate, Butylene Glycol, Pentylene Glycol, Arachidyl Alcohol, Behenyl Alcohol, Nylon-12, Leuconostoc/Radish Root Ferment Filtrate, Arachidyl Glucoside, Allantoin, Glycine Soja (Soybean) Protein, Sodium Hyaluronate, Saccharomyces Lysate Extract, Oenothera Biennis (Evening Primrose) Oil, Glucosamine HCI, Squalane, Algae Extract, Yeast Extract, Urea, Palmitoyl Tripeptide-5, Arginine/Lysine Polypeptide, Camellia Sinensis Leaf Extract, Chrysanthemum Parthenium (Feverfew) Extract, Colloidal Oatmeal, Hydroxyethyl Acrylate/Sodium Acryloyldimethyl Taurate Copolymer, Squalane, Polysorbate 60. Cocamidopropyl PG_Dimonium Chloride Phosphate, Glycerin, Hydroxyethyl Acrylate/Sodium Acryloyldimethyl Taurate Copolymer, Disodium EDTA, Citronellol, Geraniol, Limonene, Linalool, Healianthus Annuus (Sunflower) Seed Oil, Rose Flower Oil, Citrus Medica Limonum (Lemon) Peel Oil, Pelargonium Graveolens Oil, Citrus Medica Limonum (Lemon) Peel Extract, Eugenia Caryophyllus (Clove) Flower Oil, Pelargonium Graveolens Flower Oil, Aniba Rosaeodora (Rosewood) Wood Oil. Titanium Dioxode (CL 77891)."
SeroVital,hgh Dietary Supplement,$99.00,Defy Aging and Live Younger,"Adults take 4 capsules with water on an empty stomach, either in the morning two hours before breakfast or two hours after dinner prior to bedtime. [Do not eat two hours before or after taking SeroVital.] Do not exceed 4 capsules in any 24-hour period. Individual results will vary.","L-Lysine HCI, L-Argnine HCI, Oxo-Proline, N-Actyl L Cysteine, L-Glutamine, Schizonepeta (Aerial Parts) Powder.  May Also Include:  Rice flour, gelatin, Magnesium Stearate, Microcrystalline Celluluse, Silicon Dioxide, Candurin SilverFine, Yellow #5, Titanium Dioxide."
Kate Somerville,Wrinkle Warrior 2-in-1 Plumping Moisturizer + Serum,$95.00,Wrinkle Warrior 2-in-1 Plumping Moisturizer + Serum is Kate Somerville's secret weapon to win the war on wrinkles! Formulated with their age-conquering HA3 to visibly reduce the appearance of three different types of wrinkles: crow's feet. fine lines and deep wrinkles. and a lightweight texture that absorbs instantly to create a soft satin finish. immediately* restoring a smooth complexion that is prepped for a more flawless makeup application. Improves the appearance of skin firmness and elasticity. Instantly plumps and hydrates skin.,"AM and PM. Use twice a day. Apply a thin, even layer to face and neck.","Water/Aqua/Eau, Dimethicone, Propanediol, Dimethyl Isosorbide, Hydrolyzed Vegetable Protein, Glycerin, Polysilicone-11, Ammonium Acryloyldimethyltaurate/VP Copolymer, Butylene Glycol, Polymethylsilsesquioxane, Trehalose, Betaine, Hydrolyzed Hyaluronic Acid, Sodium Hyaluronate, Disodium Acetyl Glucosamine Phosphate, Polyglutamic Acid, Zanthoxylum Bungeanum Fruit Extract, Copper Lysinate/Prolinate, Methylglucoside Phosphate, Chondrus Crispus Extract, Glycine Soja (Soybean) Extract, Aloe Barbadensis Leaf Juice, Adenosine, PEG-12 Dimethicone, Phenoxyethanol, HDI/Trimethylol Hexyllactone Crosspolymer, Oleyl Alcohol, Decyl Glucoside, Fragrance/Parfum, Ethylhexylglycerin, Disodium EDTA, Gluconolactone, Benzyl Salicylate, Citric Acid, Linalool, Sodium Benzoate, Caprylyl Glycol, Hexylene Glycol, Geraniol, Citronellol."
No7,Line Correcting Booster Serum,$41.99,Introducing No7's non-invasive wrinkle solution. ,Twist silver base to unlock and then press to dispense desired amount. Apply directly to lines & wrinkles every morning & evening before applying your usual No7 serum or moisturizer.,"Aqua (Water), Glycerin, Butylene Glycol, Aluminium Starch Octenylsuccinate, Polyacrylate Crosspolymer-6, Sorbitan Laurate, Phenoxyethnaol, Sodium Lactate, Hydroxyethylcelulose, Carbomer, Caprylyl Glycol, Acetyl Dipeptide-1 Cetyl Ester, Polysorbate 20, Ethylhexylglycerin, Tetrasodium EDTA, Potassium Hydroxide, T-Butyl Alcohol, Palmitoyl Tripeptide-1, Palmitoyl Tetrapeptide-7."
Tarte,Maracuja Oil,$48.00,Tarte Maracuja Oil is a vegan. multitasking skincare powerhouse from #flowerpowered maracuja seeds that promotes firmer. brighter & smoother looking skin. This #flowerpowered face oil is the ultimate multitasker. and basically magic in a bottle! Try incorporating it anywhere your beauty routine needs a little more moisture.,"This precious face oil can be used across skin types as part of your daily skincare and makeup routine. Apply 2-3 drops onto clean, dry skin on face and neck. Mix 1-2 drops with your moisturizer or liquid foundation for enhanced hydration benefits.","Passiflora Edulis Seed Oil, Tocopherol."
It Cosmetics,Confidence In A Cream Hydrating Moisturizer,$48.00,Developed with plastic surgeons. IT Cosmetics Confidence in a Cream Hydrating Moisturizer is your #1 anti-aging moisturizer* that plumps the look of lines and wrinkles and reduces the appearance of pores and discoloration.,"Apply to clean skin, morning and night. Use gentle, upward sweeping motions to smooth over your face, neck, décolleté and anywhere your skin needs moisture and rejuvenation.","Aqua (Water, Eau), Butylene Glycol, Cyclopentasiloxane, Glycerin, Butylene Glycol Dicaprylate / Dicaprate, Ethylhexyl Isononanoate, Hydrogenated Polyisobutene, Caprylic / Capric / Myristic / Stearic Triglyceride, Glyceryl Stearate, PEG - 100 Stearate, Polyglyceryl - 3 Methylglucose Distearate, Stearyl Behenate, Dimethicone, Pentaerythrityl Tetraethylhexanoate, Biosaccharide Gum - 1, Dimethicone / Vinyl Dimethicone Crosspolymer, Cetearyl Alcohol, Palmitic Acid, Stearic Acid, Polyethylene, PEG / PPG - 20 / 15 Dimethicone, Phenyl Methicone, Portulaca Oleracea Extract, Cocos Nucifera (Coconut) Oil, Aloe Barbadensis Leaf Extract, Butyrospermum Parkii (Shea) Butter, Hydroxyethyl Acrylate / Sodium Acryloyldimethyl Taurate Copolymer, Sodium Hyaluronate, Hydrogenated Lecithin, Polyquaternium - 51, Niacinamide, Hydrolyzed Collagen, Camellia Sinensis Leaf Extract, Tocopheryl Acetate, Carbomer, PEG - 150 Distearate, Ceramide Ap, Glycosphingolipids, Glyceryl Polymethacrylate, Meadowfoam Estolide, Sorbitan Isostearate, Squalane, Palmitoyl Pentapeptide - 4, Polysorbate 20, Steareth - 20, N - Hydroxysuccinimide, Chrysin, Palmitoyl Tripeptide - 1, Palmitoyl Tetrapeptide - 7, Polysorbate 60, Aleuritic Acid, Yeast Extract, Glycoproteins, Betaine, Hydrogenated Polydecene, Ceramide NP, Allantoin, Colloidal Oatmeal, Retinyl Retinoate, Polylactic Acid, Canola Oil, Cholesteryl Nonanoate, Ascorbyl Tetraisopalmitate, Glycyrrhiza Glabra (Licorice) Root Extract, Chamomilla Recutita (Matricaria) Flower Water, Curcuma Longa (Turmeric) Root Extract, Leuconostoc/Radish Root Ferment Filtrate, Eruca Sativa Leaf Extract, Glyceryl Citrate / Lactate/Linoleate / Oleate, Ceteareth - 20, Hydroxypropyl Bispalmitamide Mea, Glycine Soja (Soybean) Sterols, Melaleuca Alternifolia (Tea Tree) Leaf Oil, Phytosteryl/Isostearyl/Cetyl/Stearyl/Behenyl Dimer Dilinoleate, Santalum Album (Sandalwood) Oil, Chamomilla Recutita (Matricaria) Flower Oil, Caprylhydroxamic Acid, Cetearyl Glucoside, Glucose, Stearyl Stearate, Tromethamine, Citric Acid, 1, 2 - Hexanediol, Chlorhexidine Digluconate, Potassium Sorbate, Dipropylene Glycol, Lavandula Angustifolia (Lavender) Oil, Citrus Paradisi (Grapefruit) Peel Oil, Cymbopogon Citratus Leaf Oil, Pelargonium Graveolens Oil, Citrus Aurantium Dulcis (Orange) Peel Oil, Pogostemon Cablin Oil, Citrus Aurantium Bergamia (Bergamot) Fruit Oil, Ethylhexylglycerin, Caramel, Disodium EDTA, Phenoxyethanol, Caprylyl Glycol, Limonene, Linalool."
ACURE,The Essentials Rosehip Oil,$12.99,ACURE's The Essentials Rosehip Oil is a balancing oil high in essential fatty acids. Cold-pressed rose fruit seeds (or the hips) make this delightful oil known traditionally as a dry oil due to its quick absorption and sense of humor.,Pump small amount into hand and apply to affected area where you want the magic to happen. This oil comes from Chile. It also likes to be chilly. So keep it in the fridge after opening for longest shelf life!,Rosa Canina (Rosehip) Fruit Oil*.
No7,Laboratories Dark Spot Correcting Booster Serum,$39.99,No7's Laboratories Dark Spot Correcting Booster Serum is a non-invasive dark spot solution. clinically proven to reduce the appearance of dark spots. age spots. and sun spots by delivering fast visible results where you want them the most. Formulated with a unique lightening complex - including vitamin C. emblica. and sophora - No7's Laboratories Dark Spot Correcting Booster Serum has been designed to lighten dark spots by targeting several key markers for pigmentation. Dark spots look smaller & visibly faded in just 2 weeks!* Suitable for all skin types: sensitive. normal. oily. combination. or dry.,For Best Results: Apply directly to dark spots and areas of uneven pigmentation every morning & evening before applying your usual No7 serum or moisturizer.,"Aqua (Water), Glycerin, Gluconolactone, 3-O-ethyl ascorbic acid, Aluminum starch octenylsuccinate, Butylene glycol, Polyacrylate crosspolymer-6, Potassium hydroxide, Phenoxyethanol, Ammonium glycyrrhizate, Phyllanthus emblica fruit extract, Propylene glycol, Caprylyl glycol, Sophora angustifolia root extract, Hydroxypropyl cyclodextrin, Ethylhexylglycerin, Tetrasodium EDTA, T-butyl alcohol, Morus alba leaf extract."
Murad,Youth-Boosting Travel Trio + Wristlet,$42.00,Treat. hydrate. protect & prime with Murad Youth-Boosting Travel Trio + Wristlet which includes 3 travel-sizes in a TSA-friendly wristlet.,"At night, apply a thin layer of Retinol Youth Renewal Serum to skin. Reduce frequency if sensitivity occurs.","Retinol Youth Renewal Serum: Water/Aqua/Eau, Dimethicone, Cyclopentasiloxane, Isopropyl Palmitate, C14-22 Alcohols, Polymethylsilsesquioxane, Propanediol, Glyceryl Stearate, PEG-100 Stearate, Shea Butter Ethyl Esters, Retinol, Retinyl Propionate, Ceramide NP, Sodium Hyaluronate, Solanum Lycopersicum (Tomato) Fruit Extract, Swertia Chirata Extract, Squalane, Punica Granatum Extract, Tocopheryl Acetate, Glycine Soja (Soybean) Extract, Urea, Yeast Amino Acids, Trehalose, Inositol, Taurine, Betaine, Glycerin, Caprylic/Capric Triglyceride, Dimethyl Isosorbide, Silica, Ethylhexyl Palmitate, Silica Dimethyl Silylate, Butylene Glycol, Lecithin, Ammonium Acryloyldimethyltaurate/VP Copolymer, C12-20 Alkyl Glucoside, Cetyl Palmitate, Laureth-23, Polysorbate 20, Trideceth-6 Phosphate, Synthetic Fluorphlogopite, Phenoxyethanol, Ethylhexylglycerin, Chlorphenesin, Disodium EDTA, Sodium Hydroxide, Tris (Tetramethylhydroxypiperidinol) Citrate, Sodium Benzotriazolyl Butylphenol Sulfonate, Titanium Dioxide (CI 77891), Red 4 (CI 14700), Yellow 5 (CI 19140), Alpha-Isomethyl Ionone, Citronellol, Fragrance (Parfum)."
Indeed Labs,Snoxin II Serum,$29.99,The Indeed Labs Snoxin II Serum is formulated with XEP-018. a clinically proven biomimetic peptide that minimizes muscle contractions to instantly soften the appearance of dynamic lines and wrinkles. Using high dosage peptides. it delivers both instant and long-term results including smoother and more even textured skin. maximum moisture retention and improved elasticity. Whether you're in your twenties or your eighties. this product works for everyone and anyone trying to look a little more youthful! This serum is a safer. milder and more affordable alternative to needles and plastic surgery.,"Apply a small amount in the morning and in the night on cleansed skin. Follow with a moisturiser and inDefense30. Expect results within 2 hours of application, with continued improvement for up to 28 days.","Water (Aqua/ Eau), Glycerin, Cyclopentasiloxane, Sodium Acrylate/Sodium Acryloyldimethyl Taurate Copolymer, Dimethicone, Cyclohexasiloxane, Isohexadecane, Phenoxyethanol, Caprylyl Glycol, Polysorbate 80, Lecithin, Polysilicone-11, Hydroxypropyl Cyclodextrin, Palmitoyl Tripeptide-38, Hexanoyl Dipeptide-3 Norleucine Acetate, Mu-Conotoxin Cniiic."
The Ordinary,Magnesium Ascorbyl Phosphate 10%,$9.60,The Ordinary's Magnesium Ascorbyl Phosphate 10% is a brightening hydrator with stabilized vitamin C derivative. Vitamin C is an effective antioxidant. brightens the skin tone and reduces signs of aging. In its pure form. it is unstable in water. Magnesium Ascorbyl Phosphate (MAP) is a water-soluble derivative of vitamin C. It is more stable in water but it is less potent than direct L-Ascorbic Acid. This ingredient is compatible with water but higher concentrations cannot be offered in a low-viscosity serum format and requires emulsification to form a cream. This formula is a light cream that offers 10% pure MAP (very high solubilized concentration). Aside from the general benefits of pure vitamin C. MAP has been shown to offer specific skin brightening benefits. more so than other derivatives of vitamin C.,"Apply a small amount of this cream formula to face AM and PM, after application of water-based serums.","Aqua (Water), Coco Caprylate/Caprate, Magnesium Ascorbyl Phosphate, Isodecyl Neopentanoate, Plukenetia Volubilis Seed Oil, Dodecane, Disteardimonium Hectorite, Polyglycerol-3 Diisostearate, Polyglycerol-3 Polyricinoleate, Glycerin, Hexamethyldisiloxane, Terminalia Ferdinandiana Fruit Extract, Tocopherol, Sodium Chloride, Phenoxyethanol, Chlorphenesin."
Awake Beauty,Balance Shot Antioxidant Concentrate,$38.00,Awake's Balance Shot Concentrate instantly balances combination and oily skin by working to control oil. hydrate. and nourish for a smooth. soft finish.,Shake well to combine each potent layer. Apply directly to clean skin morning & night. Can be worn alone or layered with other products. Normal to dry skin? Let your skin drink it up before moisturizer Oily skin? Skip your moisturizer and use this instead.,"Water/ Aqua/ Eau, Alcohol, Caprylic/Capric Triglyceride, Butylene Glycol, Dimethicone, Olea Europaea (Olive) Fruit Oil, Squalane, Ethyl Olivate, Carthamus Tinctorius (Safflower) Seed Oil, Helianthus Annuus (Sunflower) Seed Oil, Lavandula Angustifolia (Lavender) Flower Extract, Lavandula Angustifolia (Lavender) Oil, Limnanthes Alba (Meadowfoam) Seed Oil, Oryza Sativa (Rice) Germ Oil, Prunus Amygdalus Dulcis (Sweet Almond) Oil, Rosa Canina Fruit Extract, Salvia Officinalis (Sage) Extract, Salvia Officinalis (Sage) Oil, Simmondsia Chinensis (Jojoba) Seed Oil, Bentonite, Cellulose, , Citric Acid, Disodium EDTA, Hydrogenated Lecithin, Menthoxypropanediol, Methyl Trimethicone, Microcrystalline Cellulose, PEG-4 Laurate, Silica, Sodium Chloride, Sodium Citrate, Zae Mays (Corn) Oil, Parfum/Fragrance, Limonene, Linalool, Citral."
Ancient Healing Clay,Deep Facial Cleanser,$9.99,Maintain clear. bright. and soft skin with the Deep Facial Cleanser from Ancient Healing Clay. This clay cleansing mask utilizes natural calcium bentonite clay to enrich complexion and keep toxins at bay while promoting soft. smooth radiance. Use to revitalize pores. for detoxing baths. facials. and full body wraps or cleanses.,"External Use: Use only as directed. Mix 1 teaspoon of clay powder in 2 oz of water once daily. Store in a cool, dry place. For Baths: Mix 1 to 2 cups of clay powder into bath water. Topical Use: Mix 1 part clay powder to 3 parts water. Let stand until smooth. Apply as needed and allow drying and remaining on skin for 5 minutes, then rinsing off with warm water. Avoid contact with eyes. If irritation, redness or discomfort occurs, discontinue use and consult a licensed health care practitioner.",Calcium Bentonite Clay.
re:p,Online Only Organic Cotton Treatment Toning Pad,$37.00,re:p Organic Cotton Treatment Toning Pad provides light removal of dead skin cells while toning the skin back to its healthy balance. Soft but unique lattice structure cotton pads soaked in a herbal water formula provides skin boosting and toning benefits that leave your skin feeling refreshed and refined.,"After cleansing, take one pad to gently wipe across the face to tone your skin back to it's natural, healthy PH balance. Use after cleansing both in the AM and PM or as needed. Follow with your normal skincare routine.","Water (Aqua), Glycerin, Butylene Glycol, Alcohol Denat., Calendula Officinalis Extract, Chamomilla Recutita (Matricaria) Extract, Lavandula Angustifolia (Lavender) Flower Extract, Artemisia Annua Extract, Calendula Officinalis Flower Extract, Symphytum Officinale Leaf Extract, Helichrysum Arenarium Extract, Azadirachta Indica Leaf Extract, Zanthoxylum Piperitum Fruit Extract, Pulsatilla Koreana Extract, Usnea Barbata (Lichen) Extract, Melissa Officinalis Flower/Leaf/Stem Water, Anthemis Nobilis Flower Water, Calendula Officinalis Flower Water, Rosa Damascena Flower Water, Triticum Spelta Seed Water, Peg-60 Hydrogenated Castor Oil, 1, 2-Hexanediol, Phenoxyethanol, Ethylhexylglycerin, Disodium Edta, Fragrance (Parfum)."
Daily Concepts,Gua Sha Facial Jade Tool,$16.00,Gua Sha is an ancient facial tool that has been apart of beauty rituals for centuries! The Gua Sha Facial Jade Tool by Daily Concepts is intended to be used over top of your usual moisturizing routine in order to help increase the benefits of the products. Furthermore. the Gua Sha works as the perfect stimulation for renewing the skin by flushing out the lymphatic drainage and increasing blood flow. Both of which are essential for radiant. healthy and vibrant skin!,"Works well with serums, oils and lotions. Apply any of your choice to face, neck and chest and then lightly drag Gua Sha tool in long swiping motions across cheeks, forehead, chin and nose. Use toothed end to hug the jaw line and drag starting from chin back. Feel free to use both the side and toothed edge of Gua Sha down the neck for increased lymphatic drainage.",JADE
Lano,The Original 101 Ointment Multipurpose Superbalm,$16.95,Lano The Original 101 Ointment Multipurpose Superbalm is a super dense balm that penetrates & seals in moisture to give extreme hydration for extremely dry & chapped lips. skin patches. cuticles. elbows & more. ,Warm the ointment between the fingers or apply directly onto the lips & skin. Use generously.,"Lanolin, Lanolin Oil."
TONYMOLY,Vital Vita 12 Calming Ampoule,$20.00,TONYMOLY's Vital Vita 12 Collection contains a highly effective multi-vitamin blend. which targets many common skin concerns. All ampoules are naturally colored by plant extracts and vitamins. no artificial fragrances or color additives. The Vital Vita 12 Calming Ampoule soothes and hydrates irritated skin! Perfect for calming sensitive skin from breakouts or irritations for calm healthy skin. Can be used underneath a sheet mask as a booster. mixed with your moisturizer for a more targeted treatment. or mixed with your foundation or concealer for a dewy finish.,Apply several drops on skin and gently tap into face and neck (apply after toner and before moisturizer). TIP: Mix and match different ampoules to target specific skin concerns!,"Water, Butylene Glycol, Glycerin, Niacinamide, PEG/PPG-17/6 Copolymer, Bis-PEG-15 Methyl Ether Dimethicone, PEG-60 Hydrogenated Castor Oil, Hydroxyacetophenone, 1,2-Hexanediol, Panthenol, Centella Asiatica Extract, Ethylhexylglycerin, Melia Azadirachta Leaf Extract, Xanthan Gum, Melia Azadirachta Flower Extract, Portulaca Oleracea Extract, Adenosine, Sodium Hyaluronate, Camellia Sinensis Leaf Extract, Disodium EDTA, Chamomilla Recutita (Matricaria) Flower Extract, Vitex Agnus-Castus Extract, Citrus Limon (Lemon) Peel Oil, Curcuma Longa (Turmeric) Root Extract, Coccinia Indica Fruit Extract, Rosmarinus Officinalis (Rosemary) Extract, Pelargonium Graveolens Flower Oil, Phellinus Linteus Extract , Arctium Lappa Root Extract, Aloe Barbadensis Flower Extract, Solanum Melongena (Eggplant) Fruit Extract, Citrus Aurantium Bergamia (Bergamot) Fruit Oil, Melaleuca Alternifolia (Tea Tree) Leaf Oil, Ocimum Sanctum Leaf Extract, Citrus Sinensis Peel Oil Expressed, Corallina Officinalis Extract, Squalane, Cetyl Ethylhexanoate, Neopentyl Glycol Diheptanoate, Soluble Collagen, Paeonia Albiflora Root Extract, Pueraria Thunbergiana Root Extract, Glycyrrhiza Glabra (Licorice) Root Extract, Cnidium Officinale Root Extract, Aloe Barbadensis Leaf Juice, Hydrogenated Phosphatidylcholine, PEG-35 Castor Oil, Polyglyceryl-10 Myristate, Calcium Pantothenate, Maltodextrin, Sodium Starch Octenylsuccinate, Aesculus Hippocastanum (Horse Chestnut) Seed Extract, Cetearyl Alcohol, Crithmum Maritimum Callus Culture Filtrate, Madecassoside, Polyglyceryl-2 Stearate, Stearic Acid, Alcohol, Sodium Ascorbyl Phosphate, Carthamus Tinctorius (Safflower) Seed Oil, Oenothera Biennis (Evening Primrose) Oil, Octyldodecanol, Tocopheryl Acetate, Pyridoxine HCl, Polysorbate 20, PVP, Polyquaternium-51, Ceramide NP, Tocopherol, Sodium Acetate, Lecithin, Lysine, Inositol, Retinyl Palmitate, Linoleic Acid, Rose Flower Oil, Silica, Oligopeptide-1, Fullerenes, Biotin, Glyceryl Arachidonate, Glyceryl Linolenate, Folic Acid, Pyridoxine, Thiamine HCl, Cyanocobalamin."
Clinique,Online Only Skin Care Trio,$42.00,Only at ULTA!,"Dramatically Different Moisturizing Lotion+: Use twice a day, morning and night, after cleansing with Facial Soap and exfoliating with Clarifying Lotion. Apply to face and throat all over, or where needed..","Dramatically Different Moisturizing Lotion+: Water / Aqua / Eau, Mineral Oil / Paraffinum Liquidum / Huile Minérale, Glycerin, Petrolatum, Stearic Acid, Glyceryl Stearate, Sesamum Indicum (Sesame) Oil, Urea, Lanolin Alcohol, Triethanolamine, Hordeum Vulgare (Barley) Extract / Extrait D'Orge, Cucumis Sativus (Cucumber) Fruit Extract, Helianthus Annuus (Sunflower) Seedcake, Propylene Glycol Dicaprate, Sodium Hyaluronate, Butylene Glycol, Pentylene Glycol, Trisodium EDTA, Phenoxyethanol, Yellow 6 (CI 15985), Yellow 5 (CI 19140), Red 33 (CI 17200)."
The Body Shop,Carrot Cream Nature-Rich Daily Moisturizer,$20.00,Enriched with organic carrots that are too beautifully crooked to sell to the food industry. The Body Shop's Carrot is back and better than ever! Discover the range and reveal your healthy-looking glow with the Carrot Cream Nature-Rich Daily Moisturiser. This creamy vegan treat provides 72hr hydration and leaves skin feeling recharged with moisture and protected against daily aggressors.,"Massage into cleansed skin using your fingertips. For best results, cleanse first with their Carrot Wash Energizing Face Cleanser.","Aloe Barbadensis Leaf Juice, Caprylic/Capric Triglyceride, Glycerin, Aqua/Water/Eau, Arachidyl Alcohol, Myristyl Myristate, Cetearyl Alcohol, Behenyl Alcohol, Hydroxyacetophenone, Phenoxyethanol, Arachidyl Glucoside, Carbomer, Sodium Gluconate, Daucus Carota Sativa Root Extract/Daucus Carota Sativa (Carrot) Root Extract, Tocopherol, Parfum/Fragrance, Sodium Hyaluronate, Sodium Hydroxide, Helianthus Annuus Seed Oil/Helianthus Annuus (Sunflower) Seed Oil, Terminalia Ferdinandiana Fruit Extract, Linalool, Citronellol, Eugenol, Citric Acid, Limonene, Citral, CI 77891/Titanium Dioxide, CI 77492/Iron Oxides, CI 77491/Iron Oxides."
